"x","y","Ind"
3630500,2383500,23
3629500,2384500,25
3630500,2384500,18
3631500,2384500,11.5
3644500,2384500,5
3645500,2384500,9
3646500,2384500,16
3648500,2384500,67
3629500,2385500,8
3630500,2385500,11
3631500,2385500,9
3632500,2385500,8
3633500,2385500,2
3644500,2385500,8
3645500,2385500,17
3646500,2385500,18
3647500,2385500,7
3648500,2385500,2
3626500,2386500,31
3627500,2386500,8
3628500,2386500,8
3629500,2386500,11
3630500,2386500,13
3631500,2386500,4
3632500,2386500,15
3633500,2386500,12.5
3634500,2386500,6
3635500,2386500,17
3643500,2386500,14
3644500,2386500,7
3645500,2386500,15
3646500,2386500,10
3647500,2386500,12
3648500,2386500,8
3649500,2386500,21
3624500,2387500,22
3625500,2387500,15
3626500,2387500,18.5
3627500,2387500,8
3628500,2387500,10
3629500,2387500,20.5
3630500,2387500,16
3631500,2387500,17
3632500,2387500,10
3633500,2387500,6
3634500,2387500,17
3635500,2387500,15
3636500,2387500,14
3637500,2387500,3
3643500,2387500,2
3644500,2387500,15
3645500,2387500,36
3646500,2387500,14
3647500,2387500,2
3648500,2387500,10
3649500,2387500,9
3624500,2388500,14
3625500,2388500,6
3626500,2388500,12
3627500,2388500,4
3628500,2388500,13
3629500,2388500,18
3630500,2388500,12
3631500,2388500,35
3632500,2388500,2
3633500,2388500,34
3634500,2388500,12
3635500,2388500,6
3636500,2388500,17
3637500,2388500,17
3638500,2388500,22
3643500,2388500,8
3644500,2388500,6
3645500,2388500,45
3646500,2388500,18
3647500,2388500,7
3648500,2388500,11
3652500,2388500,19
3653500,2388500,4
3654500,2388500,21
3625500,2389500,6
3626500,2389500,8
3627500,2389500,9.5
3628500,2389500,13
3629500,2389500,8
3630500,2389500,9
3631500,2389500,39
3632500,2389500,41.5
3633500,2389500,18
3634500,2389500,35
3635500,2389500,38
3636500,2389500,32
3637500,2389500,18
3638500,2389500,3
3639500,2389500,13
3641500,2389500,6
3642500,2389500,30
3643500,2389500,8
3644500,2389500,8
3645500,2389500,37
3646500,2389500,24
3648500,2389500,13
3651500,2389500,12
3652500,2389500,7
3653500,2389500,20
3655500,2389500,4
3625500,2390500,15
3626500,2390500,6
3627500,2390500,33
3628500,2390500,21
3629500,2390500,21
3630500,2390500,250.5
3631500,2390500,80.5
3632500,2390500,15
3633500,2390500,5
3634500,2390500,15
3635500,2390500,2
3636500,2390500,5
3637500,2390500,9
3638500,2390500,22
3639500,2390500,11
3640500,2390500,19
3642500,2390500,26.5
3643500,2390500,14
3644500,2390500,10
3645500,2390500,7
3646500,2390500,13
3647500,2390500,7
3648500,2390500,8
3651500,2390500,18
3652500,2390500,15
3653500,2390500,6
3622500,2391500,22
3626500,2391500,7
3627500,2391500,11
3628500,2391500,9
3629500,2391500,105
3630500,2391500,332.5
3631500,2391500,106.5
3632500,2391500,11
3633500,2391500,11
3634500,2391500,42
3635500,2391500,21
3636500,2391500,22.5
3638500,2391500,32
3639500,2391500,36
3640500,2391500,33
3641500,2391500,10
3642500,2391500,17
3643500,2391500,14
3644500,2391500,110
3645500,2391500,21
3646500,2391500,15
3647500,2391500,4
3648500,2391500,3
3652500,2391500,9
3653500,2391500,5
3665500,2391500,12
3619500,2392500,15
3620500,2392500,20
3621500,2392500,13
3622500,2392500,5
3623500,2392500,22
3624500,2392500,6
3626500,2392500,5
3627500,2392500,6
3628500,2392500,12
3629500,2392500,10
3630500,2392500,22
3631500,2392500,27
3632500,2392500,8.5
3633500,2392500,10
3634500,2392500,53
3635500,2392500,10.5
3636500,2392500,11
3637500,2392500,15
3638500,2392500,18
3639500,2392500,108
3640500,2392500,51
3641500,2392500,36
3642500,2392500,18
3643500,2392500,79
3644500,2392500,52
3645500,2392500,24
3646500,2392500,3
3647500,2392500,11
3648500,2392500,3
3649500,2392500,10
3651500,2392500,12
3652500,2392500,26
3653500,2392500,4
3660500,2392500,10
3663500,2392500,46
3664500,2392500,4
3665500,2392500,20
3668500,2392500,3
3669500,2392500,17
3618500,2393500,3
3619500,2393500,4
3620500,2393500,13
3621500,2393500,21
3622500,2393500,6
3623500,2393500,3
3624500,2393500,6
3625500,2393500,2
3626500,2393500,4
3627500,2393500,10
3628500,2393500,2
3629500,2393500,11
3630500,2393500,1
3631500,2393500,9
3632500,2393500,9
3633500,2393500,5
3634500,2393500,11
3635500,2393500,1
3636500,2393500,12
3637500,2393500,6
3638500,2393500,52
3639500,2393500,30
3640500,2393500,104
3641500,2393500,60
3642500,2393500,5
3643500,2393500,4
3644500,2393500,30
3645500,2393500,53
3646500,2393500,32
3647500,2393500,18
3648500,2393500,19
3649500,2393500,17
3650500,2393500,31
3651500,2393500,10
3653500,2393500,25
3654500,2393500,1
3660500,2393500,29.5
3661500,2393500,2
3663500,2393500,1
3664500,2393500,8
3665500,2393500,11
3666500,2393500,4
3667500,2393500,21
3668500,2393500,11
3669500,2393500,4
3670500,2393500,10
3617500,2394500,9
3618500,2394500,16
3619500,2394500,15.5
3620500,2394500,34
3621500,2394500,24.5
3622500,2394500,6
3623500,2394500,4
3624500,2394500,3
3625500,2394500,14.5
3627500,2394500,8
3630500,2394500,3
3631500,2394500,23
3632500,2394500,23
3633500,2394500,12
3634500,2394500,3
3635500,2394500,2
3636500,2394500,5
3637500,2394500,22
3638500,2394500,20
3639500,2394500,6
3640500,2394500,3
3641500,2394500,36
3642500,2394500,113.5
3643500,2394500,61
3644500,2394500,25
3645500,2394500,32
3646500,2394500,86
3647500,2394500,37
3648500,2394500,2
3649500,2394500,15
3650500,2394500,32
3651500,2394500,9
3652500,2394500,3
3653500,2394500,13
3654500,2394500,6
3655500,2394500,36
3656500,2394500,17.5
3658500,2394500,4
3659500,2394500,9
3663500,2394500,33
3664500,2394500,25
3665500,2394500,17
3666500,2394500,2
3667500,2394500,1
3668500,2394500,13
3669500,2394500,77.5
3672500,2394500,24
3674500,2394500,22
3675500,2394500,12
3617500,2395500,8
3618500,2395500,23
3619500,2395500,22
3620500,2395500,17.5
3621500,2395500,19
3622500,2395500,25
3623500,2395500,22
3624500,2395500,40
3625500,2395500,5
3626500,2395500,6
3627500,2395500,8
3628500,2395500,8
3630500,2395500,4.5
3631500,2395500,33
3632500,2395500,10
3633500,2395500,5
3634500,2395500,10
3635500,2395500,2
3636500,2395500,14
3637500,2395500,11
3638500,2395500,4
3639500,2395500,18
3641500,2395500,27
3642500,2395500,30
3643500,2395500,17
3644500,2395500,47.5
3645500,2395500,7
3646500,2395500,2
3647500,2395500,51
3648500,2395500,31
3649500,2395500,20
3650500,2395500,1
3651500,2395500,47
3652500,2395500,35
3654500,2395500,62
3655500,2395500,27
3656500,2395500,25
3658500,2395500,10
3660500,2395500,1
3661500,2395500,15
3662500,2395500,2
3663500,2395500,3
3664500,2395500,5
3665500,2395500,49
3666500,2395500,102
3667500,2395500,2
3668500,2395500,24
3669500,2395500,8
3672500,2395500,4
3673500,2395500,44.5
3674500,2395500,6
3675500,2395500,31
3676500,2395500,1
3615500,2396500,9
3616500,2396500,8.5
3617500,2396500,8
3618500,2396500,17
3619500,2396500,4
3620500,2396500,18
3621500,2396500,20
3622500,2396500,15
3623500,2396500,12
3624500,2396500,77
3625500,2396500,33
3626500,2396500,3
3627500,2396500,7
3628500,2396500,19.5
3629500,2396500,9
3630500,2396500,13
3631500,2396500,13
3632500,2396500,2
3634500,2396500,3
3635500,2396500,58.5
3636500,2396500,14
3637500,2396500,12
3638500,2396500,5
3639500,2396500,11
3640500,2396500,15
3641500,2396500,12
3642500,2396500,49
3643500,2396500,3
3644500,2396500,22
3645500,2396500,15.5
3646500,2396500,142
3647500,2396500,281.5
3648500,2396500,54
3649500,2396500,16
3650500,2396500,26
3651500,2396500,9
3652500,2396500,1
3653500,2396500,3
3654500,2396500,29
3656500,2396500,16
3657500,2396500,53
3658500,2396500,6
3660500,2396500,1
3661500,2396500,32
3662500,2396500,22
3665500,2396500,24
3666500,2396500,11
3667500,2396500,4
3668500,2396500,16
3669500,2396500,9
3671500,2396500,3
3672500,2396500,17
3673500,2396500,29
3674500,2396500,57
3675500,2396500,11
3676500,2396500,28
3614500,2397500,17
3615500,2397500,14
3616500,2397500,15
3617500,2397500,21
3618500,2397500,38
3619500,2397500,4
3620500,2397500,9
3621500,2397500,11
3622500,2397500,3
3623500,2397500,15
3624500,2397500,6
3626500,2397500,38
3627500,2397500,29
3628500,2397500,8
3629500,2397500,11
3630500,2397500,15
3632500,2397500,19
3633500,2397500,11
3635500,2397500,83
3636500,2397500,14
3637500,2397500,32
3638500,2397500,20
3639500,2397500,8
3640500,2397500,20
3641500,2397500,8
3642500,2397500,43.5
3645500,2397500,23
3646500,2397500,161.5
3647500,2397500,104
3649500,2397500,3
3650500,2397500,4
3651500,2397500,4
3654500,2397500,2
3656500,2397500,16
3657500,2397500,46
3658500,2397500,8
3660500,2397500,18
3661500,2397500,160
3662500,2397500,35
3666500,2397500,3
3667500,2397500,17
3668500,2397500,9
3669500,2397500,19
3670500,2397500,4
3673500,2397500,56
3674500,2397500,29
3675500,2397500,3
3612500,2398500,9
3614500,2398500,3
3615500,2398500,1
3616500,2398500,43.5
3617500,2398500,29
3618500,2398500,16
3619500,2398500,15
3620500,2398500,5
3621500,2398500,12
3622500,2398500,7
3623500,2398500,16
3624500,2398500,6
3625500,2398500,35
3626500,2398500,2
3627500,2398500,13
3628500,2398500,8
3629500,2398500,3
3630500,2398500,12
3631500,2398500,11
3632500,2398500,5
3633500,2398500,3
3634500,2398500,13
3635500,2398500,3
3636500,2398500,12
3637500,2398500,11
3638500,2398500,5.5
3639500,2398500,20
3641500,2398500,8
3644500,2398500,35
3646500,2398500,102.5
3647500,2398500,36.5
3648500,2398500,2
3649500,2398500,18
3651500,2398500,7
3653500,2398500,37
3654500,2398500,36
3656500,2398500,3
3657500,2398500,3.5
3658500,2398500,2
3659500,2398500,1
3660500,2398500,2
3661500,2398500,6
3662500,2398500,10
3668500,2398500,69
3669500,2398500,40
3670500,2398500,29
3673500,2398500,33
3674500,2398500,4
3612500,2399500,1
3613500,2399500,34
3615500,2399500,4
3616500,2399500,3
3617500,2399500,7
3618500,2399500,8
3619500,2399500,170
3620500,2399500,364.5
3621500,2399500,31
3622500,2399500,9
3623500,2399500,13
3624500,2399500,2
3625500,2399500,4
3627500,2399500,12
3628500,2399500,63
3629500,2399500,6
3630500,2399500,3
3631500,2399500,11
3632500,2399500,14
3633500,2399500,8
3634500,2399500,4
3635500,2399500,45
3636500,2399500,25
3637500,2399500,66
3638500,2399500,36
3639500,2399500,2
3641500,2399500,4
3642500,2399500,5
3643500,2399500,31
3644500,2399500,23
3646500,2399500,7
3647500,2399500,5
3649500,2399500,18
3650500,2399500,7
3653500,2399500,23
3654500,2399500,59
3655500,2399500,6
3656500,2399500,1
3659500,2399500,2
3660500,2399500,1
3663500,2399500,8
3664500,2399500,6
3668500,2399500,5
3669500,2399500,22
3673500,2399500,12
3674500,2399500,110.5
3612500,2400500,5
3613500,2400500,10
3614500,2400500,2
3616500,2400500,10
3617500,2400500,16
3618500,2400500,16
3619500,2400500,89
3620500,2400500,191
3621500,2400500,10.5
3622500,2400500,3
3624500,2400500,4
3625500,2400500,2
3626500,2400500,4
3629500,2400500,9
3630500,2400500,13
3631500,2400500,4
3632500,2400500,1
3634500,2400500,11
3635500,2400500,70.5
3636500,2400500,164
3637500,2400500,8
3638500,2400500,12
3639500,2400500,60
3640500,2400500,73
3641500,2400500,19
3642500,2400500,27
3643500,2400500,36.5
3644500,2400500,146.5
3645500,2400500,27
3646500,2400500,15
3647500,2400500,50
3648500,2400500,24
3649500,2400500,20
3650500,2400500,3
3651500,2400500,41
3654500,2400500,28
3660500,2400500,8
3662500,2400500,2
3663500,2400500,12
3664500,2400500,3
3665500,2400500,146.5
3666500,2400500,53
3667500,2400500,19
3669500,2400500,12.5
3670500,2400500,2
3611500,2401500,4
3612500,2401500,10
3613500,2401500,12
3614500,2401500,4
3615500,2401500,15
3616500,2401500,3
3617500,2401500,7
3618500,2401500,4
3619500,2401500,20
3620500,2401500,13
3621500,2401500,23
3622500,2401500,103
3623500,2401500,2
3624500,2401500,11
3625500,2401500,17
3626500,2401500,4
3627500,2401500,1
3628500,2401500,12
3629500,2401500,9
3631500,2401500,44
3632500,2401500,23
3633500,2401500,32
3634500,2401500,11
3635500,2401500,9
3636500,2401500,116
3637500,2401500,6
3638500,2401500,9
3639500,2401500,162
3640500,2401500,73
3641500,2401500,152.5
3642500,2401500,41.5
3643500,2401500,18
3644500,2401500,12
3645500,2401500,77
3646500,2401500,27
3647500,2401500,79
3648500,2401500,3
3649500,2401500,20.5
3650500,2401500,7
3651500,2401500,61
3652500,2401500,16
3655500,2401500,32.5
3657500,2401500,5
3658500,2401500,4
3659500,2401500,3
3660500,2401500,2
3662500,2401500,1
3664500,2401500,20
3665500,2401500,330
3666500,2401500,19
3667500,2401500,5
3668500,2401500,15
3670500,2401500,15
3671500,2401500,6
3672500,2401500,86
3611500,2402500,14
3612500,2402500,15
3613500,2402500,13
3614500,2402500,19
3615500,2402500,9
3616500,2402500,4
3617500,2402500,50
3618500,2402500,8
3619500,2402500,16
3620500,2402500,4
3621500,2402500,19
3622500,2402500,25.5
3623500,2402500,22
3624500,2402500,14
3625500,2402500,79.5
3626500,2402500,14
3627500,2402500,9
3628500,2402500,7
3629500,2402500,4
3631500,2402500,26
3632500,2402500,50.5
3633500,2402500,24
3634500,2402500,10
3636500,2402500,16
3637500,2402500,79.5
3638500,2402500,73
3639500,2402500,199.5
3640500,2402500,61
3641500,2402500,36
3642500,2402500,47
3643500,2402500,10
3644500,2402500,1
3645500,2402500,12
3646500,2402500,9
3647500,2402500,125.5
3651500,2402500,64
3652500,2402500,5
3654500,2402500,18
3655500,2402500,168.5
3656500,2402500,42
3657500,2402500,2
3658500,2402500,10.5
3659500,2402500,3
3662500,2402500,69
3663500,2402500,16
3664500,2402500,36
3665500,2402500,22
3667500,2402500,20
3668500,2402500,1
3669500,2402500,7
3670500,2402500,34
3671500,2402500,19
3610500,2403500,2
3611500,2403500,9
3612500,2403500,1
3614500,2403500,8
3615500,2403500,8
3616500,2403500,21
3617500,2403500,13
3618500,2403500,6
3619500,2403500,2
3620500,2403500,4
3621500,2403500,4
3622500,2403500,9
3623500,2403500,45.5
3625500,2403500,35
3626500,2403500,1
3627500,2403500,11
3628500,2403500,18
3631500,2403500,3
3632500,2403500,25
3633500,2403500,30
3634500,2403500,11
3635500,2403500,189.5
3636500,2403500,101
3637500,2403500,18
3638500,2403500,17
3639500,2403500,7
3641500,2403500,26
3642500,2403500,84
3643500,2403500,29
3644500,2403500,4
3645500,2403500,6
3647500,2403500,47
3648500,2403500,54
3650500,2403500,33
3651500,2403500,38
3655500,2403500,35.5
3656500,2403500,23
3657500,2403500,1
3658500,2403500,6
3659500,2403500,4
3661500,2403500,10
3662500,2403500,17
3664500,2403500,7
3669500,2403500,11
3670500,2403500,92
3671500,2403500,49
3672500,2403500,5
3612500,2404500,1
3614500,2404500,2
3615500,2404500,2
3616500,2404500,11
3617500,2404500,7
3618500,2404500,2
3619500,2404500,16
3620500,2404500,2
3621500,2404500,3
3622500,2404500,1
3623500,2404500,28
3625500,2404500,11
3627500,2404500,4
3628500,2404500,23
3629500,2404500,87.5
3630500,2404500,12
3631500,2404500,17
3632500,2404500,10
3633500,2404500,55
3634500,2404500,65
3635500,2404500,35
3636500,2404500,77.5
3637500,2404500,138
3638500,2404500,52
3640500,2404500,7
3641500,2404500,50.5
3642500,2404500,1
3643500,2404500,50
3644500,2404500,136
3645500,2404500,1
3647500,2404500,51.5
3648500,2404500,124
3650500,2404500,17
3652500,2404500,13
3654500,2404500,26
3656500,2404500,10
3657500,2404500,10
3658500,2404500,8
3659500,2404500,5
3661500,2404500,1
3662500,2404500,5
3663500,2404500,25
3664500,2404500,2
3665500,2404500,7
3666500,2404500,10
3667500,2404500,2
3670500,2404500,4
3673500,2404500,5
3609500,2405500,14
3610500,2405500,16
3611500,2405500,7
3614500,2405500,4
3615500,2405500,8
3616500,2405500,10
3617500,2405500,13
3618500,2405500,2
3619500,2405500,6
3620500,2405500,11
3621500,2405500,37
3622500,2405500,3
3623500,2405500,2
3625500,2405500,9
3628500,2405500,2
3629500,2405500,11
3630500,2405500,23
3631500,2405500,7
3632500,2405500,64
3633500,2405500,23
3634500,2405500,18.5
3635500,2405500,18
3636500,2405500,24
3637500,2405500,3
3638500,2405500,39
3639500,2405500,4
3640500,2405500,12
3641500,2405500,66.5
3642500,2405500,170
3643500,2405500,86
3644500,2405500,95.5
3645500,2405500,2
3647500,2405500,70
3648500,2405500,41
3649500,2405500,2
3650500,2405500,23
3651500,2405500,13
3652500,2405500,19.5
3653500,2405500,36
3654500,2405500,23
3655500,2405500,8
3656500,2405500,3
3663500,2405500,4
3665500,2405500,1
3666500,2405500,14
3668500,2405500,19
3669500,2405500,1
3672500,2405500,7
3608500,2406500,4
3609500,2406500,7
3610500,2406500,5
3611500,2406500,23
3612500,2406500,7
3613500,2406500,11.5
3615500,2406500,5
3616500,2406500,2
3617500,2406500,2
3618500,2406500,22
3619500,2406500,2
3620500,2406500,3
3621500,2406500,8
3622500,2406500,9
3623500,2406500,12
3624500,2406500,2
3625500,2406500,31
3626500,2406500,12
3627500,2406500,38
3628500,2406500,57.5
3629500,2406500,3
3630500,2406500,4
3631500,2406500,32
3632500,2406500,119
3633500,2406500,63
3634500,2406500,167
3635500,2406500,48.5
3636500,2406500,44
3637500,2406500,137
3638500,2406500,114
3639500,2406500,31
3640500,2406500,38
3641500,2406500,38
3642500,2406500,81.5
3643500,2406500,96
3644500,2406500,53
3647500,2406500,1
3651500,2406500,14
3652500,2406500,47
3653500,2406500,18
3654500,2406500,12
3655500,2406500,19
3656500,2406500,18
3659500,2406500,1
3663500,2406500,17.5
3664500,2406500,3
3666500,2406500,3
3667500,2406500,11
3668500,2406500,12
3669500,2406500,2
3670500,2406500,4
3608500,2407500,18
3609500,2407500,10
3610500,2407500,1
3611500,2407500,22
3612500,2407500,22.5
3613500,2407500,25
3614500,2407500,35
3615500,2407500,1
3616500,2407500,7
3618500,2407500,16
3619500,2407500,3
3620500,2407500,11
3621500,2407500,2
3622500,2407500,20
3623500,2407500,45.5
3624500,2407500,38.5
3625500,2407500,110.5
3626500,2407500,9
3627500,2407500,11
3628500,2407500,15
3629500,2407500,20
3630500,2407500,29
3632500,2407500,79
3633500,2407500,18
3634500,2407500,92.5
3635500,2407500,91
3636500,2407500,92
3637500,2407500,111.5
3638500,2407500,22
3639500,2407500,94
3640500,2407500,158.5
3641500,2407500,129
3642500,2407500,104
3643500,2407500,144.5
3644500,2407500,15
3645500,2407500,13
3649500,2407500,4
3652500,2407500,9
3653500,2407500,2
3655500,2407500,19
3656500,2407500,38
3657500,2407500,11
3658500,2407500,22
3659500,2407500,1
3660500,2407500,1
3662500,2407500,4
3663500,2407500,9.5
3664500,2407500,2
3666500,2407500,4
3667500,2407500,6
3668500,2407500,8
3672500,2407500,9
3609500,2408500,21
3610500,2408500,12
3611500,2408500,6
3612500,2408500,3
3613500,2408500,13
3614500,2408500,12
3615500,2408500,12
3616500,2408500,6
3617500,2408500,8
3618500,2408500,17
3619500,2408500,23
3620500,2408500,5
3621500,2408500,9
3622500,2408500,41
3623500,2408500,21
3624500,2408500,202.5
3625500,2408500,94
3626500,2408500,7
3627500,2408500,32
3629500,2408500,16
3630500,2408500,3
3631500,2408500,6
3632500,2408500,4
3633500,2408500,1
3634500,2408500,19
3635500,2408500,221.5
3636500,2408500,346.5
3637500,2408500,156
3638500,2408500,100
3639500,2408500,324.5
3640500,2408500,487
3641500,2408500,83.5
3644500,2408500,17
3645500,2408500,40
3652500,2408500,1
3653500,2408500,6
3654500,2408500,24
3655500,2408500,8
3657500,2408500,23
3658500,2408500,12.5
3660500,2408500,14
3661500,2408500,5
3662500,2408500,17
3663500,2408500,32
3664500,2408500,64
3665500,2408500,3
3666500,2408500,64
3667500,2408500,14
3668500,2408500,19.5
3669500,2408500,4
3670500,2408500,75
3671500,2408500,48
3672500,2408500,15
3609500,2409500,9
3610500,2409500,6
3611500,2409500,9
3612500,2409500,17
3613500,2409500,7
3614500,2409500,2
3615500,2409500,4
3616500,2409500,41.5
3617500,2409500,10
3618500,2409500,10
3619500,2409500,17
3620500,2409500,25
3621500,2409500,5
3622500,2409500,4
3625500,2409500,16
3626500,2409500,21
3627500,2409500,37.5
3628500,2409500,31
3629500,2409500,20
3630500,2409500,7
3631500,2409500,18
3632500,2409500,10
3633500,2409500,21
3634500,2409500,201.5
3635500,2409500,74
3636500,2409500,96
3637500,2409500,272.5
3638500,2409500,88
3639500,2409500,1940
3640500,2409500,2573
3641500,2409500,69.5
3645500,2409500,108.5
3646500,2409500,92
3647500,2409500,55.5
3648500,2409500,82
3649500,2409500,38
3650500,2409500,16
3651500,2409500,2
3652500,2409500,3
3654500,2409500,12
3656500,2409500,18
3657500,2409500,9
3658500,2409500,36
3659500,2409500,22
3660500,2409500,146.5
3661500,2409500,22
3662500,2409500,22.5
3663500,2409500,47
3664500,2409500,20.5
3665500,2409500,16
3666500,2409500,22
3667500,2409500,17
3668500,2409500,16
3669500,2409500,35
3670500,2409500,4
3671500,2409500,70.5
3672500,2409500,124
3674500,2409500,4
3675500,2409500,4
3677500,2409500,14
3678500,2409500,1
3609500,2410500,6
3610500,2410500,16
3611500,2410500,15
3612500,2410500,15
3613500,2410500,13
3614500,2410500,10
3615500,2410500,9
3616500,2410500,4
3617500,2410500,7
3618500,2410500,5
3619500,2410500,4
3620500,2410500,7
3621500,2410500,2
3622500,2410500,5
3623500,2410500,3
3624500,2410500,7
3626500,2410500,26
3627500,2410500,3
3630500,2410500,79
3631500,2410500,33.5
3633500,2410500,2
3634500,2410500,26.5
3635500,2410500,25
3637500,2410500,48
3638500,2410500,480.5
3639500,2410500,2094
3640500,2410500,1557
3641500,2410500,211.5
3642500,2410500,489.5
3643500,2410500,298.5
3644500,2410500,22
3645500,2410500,189
3646500,2410500,370
3647500,2410500,29.5
3650500,2410500,9
3651500,2410500,11
3652500,2410500,26
3653500,2410500,17
3656500,2410500,2
3657500,2410500,18
3658500,2410500,79.5
3659500,2410500,25
3660500,2410500,9
3661500,2410500,4
3662500,2410500,9
3663500,2410500,15
3664500,2410500,1
3665500,2410500,10
3666500,2410500,1
3667500,2410500,3
3668500,2410500,7
3669500,2410500,1
3670500,2410500,5
3671500,2410500,72
3672500,2410500,607.5
3673500,2410500,13
3674500,2410500,41
3675500,2410500,111
3677500,2410500,23
3607500,2411500,18
3608500,2411500,23
3609500,2411500,19
3610500,2411500,14.5
3611500,2411500,4
3612500,2411500,41
3613500,2411500,47
3614500,2411500,3
3615500,2411500,12
3616500,2411500,3
3617500,2411500,7
3618500,2411500,8
3620500,2411500,6
3621500,2411500,7
3622500,2411500,30
3623500,2411500,11
3624500,2411500,9
3625500,2411500,13
3627500,2411500,3
3630500,2411500,55.5
3634500,2411500,25.5
3635500,2411500,34
3637500,2411500,405.5
3638500,2411500,505
3639500,2411500,1135
3640500,2411500,871.5
3641500,2411500,1668.5
3642500,2411500,492
3643500,2411500,167
3644500,2411500,274
3645500,2411500,3.5
3646500,2411500,70.5
3647500,2411500,5
3648500,2411500,36
3650500,2411500,13
3651500,2411500,227
3652500,2411500,71
3653500,2411500,65
3655500,2411500,2
3656500,2411500,30
3657500,2411500,5
3658500,2411500,4
3659500,2411500,10
3661500,2411500,5
3662500,2411500,12
3663500,2411500,5
3665500,2411500,1
3666500,2411500,6
3667500,2411500,8
3669500,2411500,1
3670500,2411500,4
3671500,2411500,39.5
3672500,2411500,28
3673500,2411500,6
3674500,2411500,2
3675500,2411500,15
3676500,2411500,48
3677500,2411500,27
3678500,2411500,33
3679500,2411500,5
3607500,2412500,9
3608500,2412500,24
3609500,2412500,24
3610500,2412500,9
3611500,2412500,10
3612500,2412500,13
3613500,2412500,21
3614500,2412500,57
3615500,2412500,6
3616500,2412500,15
3617500,2412500,2
3618500,2412500,18
3619500,2412500,11
3620500,2412500,13
3621500,2412500,5
3622500,2412500,18
3623500,2412500,4
3625500,2412500,2
3626500,2412500,8
3627500,2412500,11
3628500,2412500,5
3629500,2412500,36
3633500,2412500,193
3634500,2412500,29
3635500,2412500,7
3637500,2412500,926.5
3638500,2412500,1123
3639500,2412500,266.5
3640500,2412500,114.5
3641500,2412500,50
3642500,2412500,269
3643500,2412500,29
3645500,2412500,9
3647500,2412500,19
3648500,2412500,34
3649500,2412500,128
3651500,2412500,6
3654500,2412500,19
3655500,2412500,30
3656500,2412500,20
3657500,2412500,1
3659500,2412500,6
3662500,2412500,4
3665500,2412500,2
3670500,2412500,4
3671500,2412500,18.5
3672500,2412500,10
3673500,2412500,2
3674500,2412500,4
3675500,2412500,8
3676500,2412500,10
3677500,2412500,5
3678500,2412500,16
3679500,2412500,25
3680500,2412500,56
3681500,2412500,2
3606500,2413500,17
3607500,2413500,24
3608500,2413500,7
3609500,2413500,102
3610500,2413500,1
3611500,2413500,25
3612500,2413500,14
3613500,2413500,25
3614500,2413500,22.5
3615500,2413500,7
3616500,2413500,12
3617500,2413500,8
3618500,2413500,2
3619500,2413500,9
3620500,2413500,39
3621500,2413500,14
3622500,2413500,4
3623500,2413500,39
3624500,2413500,87
3625500,2413500,21
3626500,2413500,31
3627500,2413500,26
3628500,2413500,76
3629500,2413500,81.5
3630500,2413500,30
3631500,2413500,49
3632500,2413500,28.5
3633500,2413500,191
3634500,2413500,192
3635500,2413500,67
3636500,2413500,52
3637500,2413500,531
3638500,2413500,36
3639500,2413500,95
3640500,2413500,21
3641500,2413500,74
3642500,2413500,101
3644500,2413500,56
3645500,2413500,17.5
3647500,2413500,21
3648500,2413500,36
3649500,2413500,108
3650500,2413500,26
3657500,2413500,4
3660500,2413500,4
3661500,2413500,8
3668500,2413500,1
3669500,2413500,13
3670500,2413500,2
3671500,2413500,19
3672500,2413500,4
3673500,2413500,32
3674500,2413500,9
3676500,2413500,4
3677500,2413500,10
3679500,2413500,8
3680500,2413500,60
3681500,2413500,67
3682500,2413500,43
3606500,2414500,12
3607500,2414500,18
3608500,2414500,120
3609500,2414500,39
3610500,2414500,5
3611500,2414500,13
3613500,2414500,24
3614500,2414500,9
3615500,2414500,4
3616500,2414500,23
3617500,2414500,21
3618500,2414500,2
3619500,2414500,7
3620500,2414500,31
3621500,2414500,34
3622500,2414500,4
3623500,2414500,30
3624500,2414500,72
3625500,2414500,49
3626500,2414500,6
3627500,2414500,357
3628500,2414500,508.5
3629500,2414500,260
3630500,2414500,96.5
3631500,2414500,26
3632500,2414500,81
3633500,2414500,96
3634500,2414500,127
3635500,2414500,32
3636500,2414500,116.5
3637500,2414500,142
3638500,2414500,4
3639500,2414500,82
3640500,2414500,24
3642500,2414500,8
3643500,2414500,27
3644500,2414500,24
3645500,2414500,27
3647500,2414500,5
3648500,2414500,10
3649500,2414500,14
3650500,2414500,38.5
3651500,2414500,18
3652500,2414500,2
3655500,2414500,1
3657500,2414500,65.5
3658500,2414500,12
3662500,2414500,8
3663500,2414500,27.5
3668500,2414500,8
3669500,2414500,26
3670500,2414500,16
3671500,2414500,10
3672500,2414500,5
3673500,2414500,3
3674500,2414500,5
3675500,2414500,29
3676500,2414500,7
3679500,2414500,2
3680500,2414500,17
3681500,2414500,64
3682500,2414500,27
3683500,2414500,37
3607500,2415500,45
3608500,2415500,36
3609500,2415500,34
3610500,2415500,46
3611500,2415500,25
3612500,2415500,7
3613500,2415500,4
3614500,2415500,2
3615500,2415500,2
3616500,2415500,10
3617500,2415500,97
3618500,2415500,10
3619500,2415500,17
3620500,2415500,36
3621500,2415500,103
3622500,2415500,28
3623500,2415500,45
3624500,2415500,14
3625500,2415500,21
3626500,2415500,64
3627500,2415500,45
3628500,2415500,16
3629500,2415500,66.5
3630500,2415500,124
3631500,2415500,63
3632500,2415500,136
3633500,2415500,208.5
3634500,2415500,61
3635500,2415500,69
3636500,2415500,460.5
3637500,2415500,2
3639500,2415500,11
3640500,2415500,44.5
3641500,2415500,4
3642500,2415500,19
3643500,2415500,37
3644500,2415500,149.5
3645500,2415500,70
3648500,2415500,20.5
3649500,2415500,2
3650500,2415500,6
3651500,2415500,17
3652500,2415500,12
3655500,2415500,9
3656500,2415500,10
3659500,2415500,7
3660500,2415500,1
3662500,2415500,1
3663500,2415500,21
3664500,2415500,1
3666500,2415500,3
3668500,2415500,4
3669500,2415500,16
3670500,2415500,8
3671500,2415500,10.5
3672500,2415500,11
3673500,2415500,10
3675500,2415500,36
3676500,2415500,112.5
3677500,2415500,6
3678500,2415500,13
3679500,2415500,34
3680500,2415500,2
3682500,2415500,4
3683500,2415500,55
3684500,2415500,15
3606500,2416500,89
3607500,2416500,10
3608500,2416500,11
3609500,2416500,19
3610500,2416500,15
3611500,2416500,16
3612500,2416500,17
3613500,2416500,24.5
3614500,2416500,6
3615500,2416500,9
3616500,2416500,2
3617500,2416500,21
3618500,2416500,14
3619500,2416500,12.5
3620500,2416500,32
3621500,2416500,65
3622500,2416500,38
3623500,2416500,23
3624500,2416500,2
3625500,2416500,4
3626500,2416500,18
3627500,2416500,28
3628500,2416500,30
3629500,2416500,9
3630500,2416500,25
3631500,2416500,6
3633500,2416500,2
3634500,2416500,89
3635500,2416500,250
3636500,2416500,546.5
3637500,2416500,16
3638500,2416500,50
3639500,2416500,44
3640500,2416500,83
3641500,2416500,30
3642500,2416500,2
3643500,2416500,11
3644500,2416500,24
3646500,2416500,9
3648500,2416500,62.5
3649500,2416500,12
3650500,2416500,5
3654500,2416500,6
3655500,2416500,1
3658500,2416500,16
3659500,2416500,3
3662500,2416500,2
3663500,2416500,2.5
3664500,2416500,14
3665500,2416500,23
3668500,2416500,2
3670500,2416500,2
3671500,2416500,1
3672500,2416500,3
3673500,2416500,5
3674500,2416500,4
3675500,2416500,12
3676500,2416500,3
3677500,2416500,22
3679500,2416500,38
3682500,2416500,10
3683500,2416500,5
3684500,2416500,14.5
3685500,2416500,15
3686500,2416500,15
3687500,2416500,30
3688500,2416500,29
3606500,2417500,34
3607500,2417500,23
3608500,2417500,27
3609500,2417500,65.5
3610500,2417500,17
3611500,2417500,28
3612500,2417500,86
3613500,2417500,20
3614500,2417500,39
3615500,2417500,42.5
3616500,2417500,40
3617500,2417500,129
3618500,2417500,31
3619500,2417500,73
3620500,2417500,212.5
3621500,2417500,176.5
3622500,2417500,74
3623500,2417500,208
3624500,2417500,3
3625500,2417500,36.5
3626500,2417500,22
3627500,2417500,55.5
3628500,2417500,43
3629500,2417500,26.5
3630500,2417500,4
3631500,2417500,88
3632500,2417500,90
3634500,2417500,5
3635500,2417500,490
3636500,2417500,58
3637500,2417500,10
3638500,2417500,48
3639500,2417500,78
3640500,2417500,11
3641500,2417500,98.5
3642500,2417500,30
3643500,2417500,1
3644500,2417500,42
3646500,2417500,3
3647500,2417500,39
3648500,2417500,16
3649500,2417500,4
3650500,2417500,5
3654500,2417500,16
3655500,2417500,9
3656500,2417500,13
3657500,2417500,2
3660500,2417500,2
3662500,2417500,4
3663500,2417500,2
3665500,2417500,3
3666500,2417500,16
3667500,2417500,4
3668500,2417500,12
3669500,2417500,3
3670500,2417500,4
3673500,2417500,1
3674500,2417500,5.5
3675500,2417500,11
3676500,2417500,15
3679500,2417500,4
3680500,2417500,6
3681500,2417500,13
3682500,2417500,11
3683500,2417500,105
3684500,2417500,57
3685500,2417500,40.5
3686500,2417500,54
3687500,2417500,75.5
3688500,2417500,29
3690500,2417500,36
3691500,2417500,945
3693500,2417500,104
3694500,2417500,57
3695500,2417500,7
3696500,2417500,42.5
3697500,2417500,68
3698500,2417500,283
3606500,2418500,198
3607500,2418500,36
3608500,2418500,60.5
3609500,2418500,66.5
3610500,2418500,124
3611500,2418500,15
3612500,2418500,93
3613500,2418500,25
3614500,2418500,47
3615500,2418500,71
3616500,2418500,568.5
3617500,2418500,256
3618500,2418500,148.5
3619500,2418500,92.5
3620500,2418500,891.5
3621500,2418500,305
3622500,2418500,18
3623500,2418500,101
3624500,2418500,6
3626500,2418500,94.5
3627500,2418500,6
3628500,2418500,32
3629500,2418500,2
3630500,2418500,41
3631500,2418500,124.5
3632500,2418500,115
3633500,2418500,89.5
3636500,2418500,109
3637500,2418500,93.5
3638500,2418500,56
3641500,2418500,109
3642500,2418500,121.5
3643500,2418500,6
3645500,2418500,1
3646500,2418500,32.5
3647500,2418500,46
3648500,2418500,8
3649500,2418500,9
3650500,2418500,3
3651500,2418500,3
3658500,2418500,10
3659500,2418500,35
3663500,2418500,3
3665500,2418500,5
3666500,2418500,15
3667500,2418500,77.5
3669500,2418500,3
3670500,2418500,3
3672500,2418500,1
3673500,2418500,5
3677500,2418500,4
3680500,2418500,4
3681500,2418500,44
3682500,2418500,11
3683500,2418500,28
3684500,2418500,144.5
3685500,2418500,37
3686500,2418500,17
3687500,2418500,31
3688500,2418500,32.5
3689500,2418500,27.5
3690500,2418500,29
3691500,2418500,1022
3692500,2418500,796.5
3693500,2418500,66
3694500,2418500,61
3695500,2418500,24
3696500,2418500,60
3697500,2418500,54
3698500,2418500,18
3699500,2418500,2
3700500,2418500,24
3701500,2418500,123
3606500,2419500,52.5
3607500,2419500,38.5
3608500,2419500,38
3609500,2419500,16
3610500,2419500,162
3611500,2419500,23
3612500,2419500,134
3613500,2419500,97
3614500,2419500,44
3615500,2419500,51
3616500,2419500,323.5
3617500,2419500,56
3618500,2419500,15
3619500,2419500,65
3620500,2419500,142.5
3621500,2419500,103.5
3623500,2419500,2
3624500,2419500,31
3625500,2419500,21
3626500,2419500,10
3627500,2419500,4
3628500,2419500,32
3631500,2419500,34
3632500,2419500,61.5
3633500,2419500,51
3634500,2419500,52
3635500,2419500,41
3636500,2419500,38.5
3637500,2419500,12
3638500,2419500,29.5
3639500,2419500,32
3640500,2419500,9
3641500,2419500,23
3642500,2419500,49
3643500,2419500,58
3644500,2419500,21
3645500,2419500,8
3648500,2419500,1
3649500,2419500,6
3650500,2419500,1
3651500,2419500,3
3652500,2419500,13
3653500,2419500,2
3654500,2419500,4
3655500,2419500,2
3656500,2419500,12.5
3659500,2419500,10
3660500,2419500,6
3662500,2419500,6
3663500,2419500,4
3666500,2419500,5
3667500,2419500,9
3668500,2419500,3
3669500,2419500,15
3670500,2419500,10
3671500,2419500,11
3673500,2419500,5
3674500,2419500,4
3675500,2419500,1
3676500,2419500,2
3678500,2419500,7
3679500,2419500,26
3680500,2419500,100.5
3681500,2419500,75
3682500,2419500,86
3683500,2419500,8
3684500,2419500,18
3685500,2419500,21
3686500,2419500,30
3687500,2419500,54
3688500,2419500,22.5
3689500,2419500,35
3690500,2419500,17
3691500,2419500,124.5
3692500,2419500,18
3693500,2419500,24
3694500,2419500,29
3695500,2419500,83
3696500,2419500,4
3697500,2419500,11
3698500,2419500,42.5
3699500,2419500,16
3700500,2419500,11
3701500,2419500,10
3606500,2420500,40
3608500,2420500,37.5
3609500,2420500,2
3610500,2420500,18
3611500,2420500,112
3612500,2420500,371.5
3613500,2420500,29
3614500,2420500,37.5
3615500,2420500,34
3616500,2420500,10
3617500,2420500,22
3618500,2420500,20
3619500,2420500,44.5
3620500,2420500,28
3621500,2420500,50.5
3622500,2420500,59
3623500,2420500,6
3624500,2420500,36
3625500,2420500,3
3626500,2420500,9
3627500,2420500,6
3628500,2420500,4
3629500,2420500,3
3630500,2420500,19
3631500,2420500,16
3632500,2420500,12
3633500,2420500,10
3634500,2420500,14
3635500,2420500,75
3636500,2420500,172
3637500,2420500,65
3638500,2420500,59
3639500,2420500,43.5
3640500,2420500,10
3641500,2420500,3
3643500,2420500,1
3644500,2420500,33
3645500,2420500,1
3648500,2420500,7
3649500,2420500,2
3650500,2420500,4
3651500,2420500,3
3652500,2420500,7
3654500,2420500,19
3655500,2420500,4
3656500,2420500,11
3657500,2420500,16
3658500,2420500,16
3661500,2420500,1
3662500,2420500,3
3663500,2420500,69
3666500,2420500,4
3667500,2420500,6
3668500,2420500,11
3669500,2420500,34
3670500,2420500,7
3671500,2420500,14
3672500,2420500,69
3673500,2420500,5
3674500,2420500,1
3676500,2420500,3
3677500,2420500,11
3679500,2420500,16
3680500,2420500,155
3681500,2420500,104
3682500,2420500,23
3683500,2420500,68.5
3684500,2420500,53
3685500,2420500,21
3686500,2420500,11
3687500,2420500,71
3688500,2420500,58
3689500,2420500,110.5
3690500,2420500,146
3691500,2420500,208.5
3692500,2420500,84.5
3693500,2420500,99.5
3694500,2420500,49
3695500,2420500,14
3696500,2420500,51
3697500,2420500,18
3698500,2420500,11
3699500,2420500,11
3700500,2420500,4
3701500,2420500,12
3702500,2420500,1
3606500,2421500,24.5
3607500,2421500,41
3608500,2421500,11
3609500,2421500,8
3610500,2421500,5
3611500,2421500,5
3612500,2421500,9
3613500,2421500,9
3615500,2421500,34
3616500,2421500,36
3617500,2421500,16
3618500,2421500,33.5
3619500,2421500,19
3620500,2421500,4
3621500,2421500,33
3622500,2421500,24
3623500,2421500,8
3624500,2421500,65.5
3625500,2421500,16
3626500,2421500,3
3627500,2421500,28
3628500,2421500,12
3629500,2421500,77
3630500,2421500,17
3631500,2421500,8
3632500,2421500,9
3633500,2421500,18
3634500,2421500,49.5
3635500,2421500,20
3636500,2421500,21
3637500,2421500,97
3638500,2421500,16
3639500,2421500,21
3640500,2421500,3
3641500,2421500,36
3642500,2421500,25
3643500,2421500,22
3644500,2421500,26
3645500,2421500,1
3646500,2421500,2
3647500,2421500,40
3648500,2421500,17
3649500,2421500,1
3650500,2421500,4
3651500,2421500,13
3652500,2421500,100
3653500,2421500,2
3654500,2421500,37
3655500,2421500,8
3656500,2421500,4
3657500,2421500,4
3658500,2421500,6
3661500,2421500,1
3662500,2421500,1
3663500,2421500,30
3664500,2421500,12
3666500,2421500,1
3668500,2421500,8
3669500,2421500,20
3670500,2421500,15
3671500,2421500,4
3672500,2421500,18
3673500,2421500,19
3674500,2421500,6
3675500,2421500,8
3677500,2421500,9
3678500,2421500,25
3679500,2421500,44
3681500,2421500,12
3682500,2421500,26
3683500,2421500,24
3684500,2421500,142.5
3685500,2421500,91
3686500,2421500,47
3687500,2421500,37.5
3688500,2421500,269
3689500,2421500,267
3690500,2421500,77.5
3691500,2421500,108.5
3692500,2421500,107
3693500,2421500,47
3694500,2421500,120.5
3695500,2421500,92
3696500,2421500,112.5
3697500,2421500,31
3698500,2421500,21
3699500,2421500,24.5
3700500,2421500,28
3701500,2421500,34
3702500,2421500,32
3605500,2422500,36
3606500,2422500,20
3607500,2422500,19
3608500,2422500,2
3609500,2422500,85.5
3610500,2422500,17
3611500,2422500,3
3612500,2422500,15
3614500,2422500,16
3615500,2422500,15
3616500,2422500,22
3617500,2422500,5
3618500,2422500,9
3619500,2422500,3
3620500,2422500,13
3621500,2422500,13
3622500,2422500,6
3623500,2422500,34
3624500,2422500,20
3625500,2422500,26
3627500,2422500,52
3628500,2422500,9
3629500,2422500,7
3630500,2422500,15
3631500,2422500,31
3632500,2422500,132
3633500,2422500,237
3634500,2422500,13
3635500,2422500,20
3636500,2422500,33
3637500,2422500,35
3638500,2422500,25
3639500,2422500,20
3640500,2422500,5
3641500,2422500,2
3642500,2422500,4
3643500,2422500,12
3644500,2422500,31
3647500,2422500,16
3648500,2422500,32.5
3649500,2422500,15
3650500,2422500,2
3651500,2422500,6
3652500,2422500,26.5
3653500,2422500,4
3654500,2422500,7.5
3657500,2422500,4
3658500,2422500,7
3659500,2422500,1
3664500,2422500,1
3669500,2422500,1
3670500,2422500,13
3671500,2422500,8
3672500,2422500,22.5
3673500,2422500,39.5
3674500,2422500,8
3675500,2422500,11
3676500,2422500,1
3677500,2422500,1
3678500,2422500,14.5
3679500,2422500,32
3680500,2422500,36
3681500,2422500,38.5
3682500,2422500,104
3683500,2422500,78
3684500,2422500,75
3685500,2422500,96
3686500,2422500,506
3687500,2422500,836
3688500,2422500,2410
3689500,2422500,1701.5
3690500,2422500,119
3691500,2422500,30
3692500,2422500,125
3693500,2422500,26.5
3694500,2422500,84
3695500,2422500,67.5
3696500,2422500,41
3697500,2422500,11
3698500,2422500,12
3699500,2422500,11
3700500,2422500,24
3701500,2422500,43
3702500,2422500,13
3605500,2423500,13
3606500,2423500,12
3607500,2423500,30
3608500,2423500,18
3609500,2423500,5
3610500,2423500,4
3611500,2423500,20
3612500,2423500,59
3613500,2423500,45
3614500,2423500,22
3615500,2423500,15
3616500,2423500,22
3617500,2423500,10
3618500,2423500,2
3619500,2423500,9
3620500,2423500,20
3621500,2423500,4
3622500,2423500,2
3623500,2423500,14
3624500,2423500,4
3625500,2423500,17
3627500,2423500,36
3628500,2423500,4
3629500,2423500,8
3630500,2423500,3
3631500,2423500,17
3632500,2423500,70
3633500,2423500,74.5
3634500,2423500,16
3636500,2423500,17
3637500,2423500,58
3638500,2423500,8
3639500,2423500,1
3640500,2423500,40
3641500,2423500,31
3642500,2423500,35
3643500,2423500,9
3644500,2423500,21
3645500,2423500,23
3646500,2423500,15
3647500,2423500,1
3648500,2423500,2
3649500,2423500,6
3650500,2423500,36
3651500,2423500,8
3652500,2423500,26
3653500,2423500,7
3654500,2423500,4
3655500,2423500,3
3656500,2423500,5
3659500,2423500,2
3660500,2423500,4
3663500,2423500,5
3664500,2423500,2
3667500,2423500,7
3669500,2423500,12
3675500,2423500,5
3676500,2423500,6
3677500,2423500,57
3678500,2423500,52
3679500,2423500,10
3680500,2423500,28.5
3681500,2423500,103
3682500,2423500,17
3683500,2423500,15
3684500,2423500,53
3685500,2423500,61
3686500,2423500,145.5
3687500,2423500,220
3688500,2423500,656
3689500,2423500,648.5
3690500,2423500,24
3691500,2423500,68
3692500,2423500,144
3693500,2423500,11
3694500,2423500,29
3695500,2423500,14
3696500,2423500,29
3697500,2423500,8
3698500,2423500,13
3699500,2423500,22
3700500,2423500,27
3701500,2423500,20
3604500,2424500,19
3605500,2424500,7
3606500,2424500,22
3607500,2424500,16
3608500,2424500,6
3610500,2424500,17
3611500,2424500,7
3612500,2424500,15
3613500,2424500,16.5
3614500,2424500,8
3615500,2424500,16
3616500,2424500,32
3617500,2424500,44.5
3618500,2424500,18
3619500,2424500,53
3620500,2424500,28
3621500,2424500,10
3622500,2424500,3
3623500,2424500,6
3624500,2424500,21
3625500,2424500,36
3626500,2424500,27
3627500,2424500,12
3629500,2424500,15
3630500,2424500,33
3631500,2424500,22
3633500,2424500,6
3634500,2424500,10
3635500,2424500,4
3636500,2424500,3
3637500,2424500,5
3639500,2424500,8
3640500,2424500,34
3641500,2424500,89
3642500,2424500,33
3643500,2424500,8
3644500,2424500,2
3645500,2424500,2
3646500,2424500,19
3647500,2424500,6
3648500,2424500,19
3649500,2424500,19
3650500,2424500,1
3651500,2424500,11
3652500,2424500,53
3653500,2424500,14
3654500,2424500,23
3655500,2424500,18
3656500,2424500,7
3657500,2424500,11
3658500,2424500,31
3661500,2424500,1
3663500,2424500,7
3664500,2424500,12
3665500,2424500,3
3668500,2424500,5
3669500,2424500,2
3670500,2424500,4
3676500,2424500,10
3677500,2424500,34
3678500,2424500,16
3679500,2424500,33
3680500,2424500,20
3681500,2424500,119
3682500,2424500,27
3683500,2424500,60
3684500,2424500,28
3685500,2424500,132
3686500,2424500,41
3687500,2424500,97
3688500,2424500,89
3689500,2424500,111.5
3690500,2424500,81
3691500,2424500,19
3693500,2424500,20
3694500,2424500,21
3695500,2424500,10
3696500,2424500,3
3697500,2424500,22
3698500,2424500,3
3699500,2424500,13
3700500,2424500,14
3605500,2425500,11
3608500,2425500,30
3609500,2425500,6
3610500,2425500,3
3611500,2425500,2
3612500,2425500,9
3613500,2425500,20
3614500,2425500,11
3615500,2425500,1
3616500,2425500,9
3617500,2425500,8
3618500,2425500,12
3619500,2425500,15
3620500,2425500,46
3621500,2425500,8
3622500,2425500,17
3623500,2425500,2
3624500,2425500,4
3625500,2425500,7
3626500,2425500,24
3627500,2425500,15
3629500,2425500,40
3630500,2425500,151
3631500,2425500,11
3632500,2425500,7
3633500,2425500,1
3634500,2425500,40
3636500,2425500,2
3637500,2425500,22
3638500,2425500,24
3639500,2425500,5
3640500,2425500,9
3641500,2425500,10
3643500,2425500,13
3644500,2425500,10
3645500,2425500,2
3646500,2425500,40
3647500,2425500,2
3648500,2425500,3
3649500,2425500,1
3650500,2425500,6
3651500,2425500,1
3652500,2425500,5
3653500,2425500,8
3654500,2425500,6
3655500,2425500,4
3656500,2425500,5
3657500,2425500,5
3658500,2425500,20
3659500,2425500,8
3661500,2425500,7
3669500,2425500,1
3671500,2425500,38
3672500,2425500,42
3673500,2425500,5
3674500,2425500,13
3675500,2425500,6
3676500,2425500,23
3679500,2425500,59
3680500,2425500,35
3683500,2425500,50
3684500,2425500,182.5
3685500,2425500,40
3686500,2425500,31
3687500,2425500,138.5
3688500,2425500,118
3689500,2425500,116
3690500,2425500,41.5
3691500,2425500,13
3692500,2425500,22
3693500,2425500,20
3694500,2425500,37
3695500,2425500,8
3696500,2425500,4
3697500,2425500,26.5
3698500,2425500,29
3699500,2425500,37
3700500,2425500,19
3610500,2426500,2
3611500,2426500,4
3612500,2426500,12
3614500,2426500,11
3615500,2426500,11
3616500,2426500,14
3617500,2426500,8
3618500,2426500,13
3619500,2426500,18
3620500,2426500,11
3621500,2426500,35
3622500,2426500,82.5
3623500,2426500,5
3624500,2426500,11
3625500,2426500,11
3626500,2426500,17
3627500,2426500,39
3628500,2426500,8
3629500,2426500,10
3630500,2426500,9
3631500,2426500,7
3632500,2426500,28
3633500,2426500,10
3634500,2426500,12
3635500,2426500,2
3636500,2426500,21.5
3637500,2426500,31
3638500,2426500,55.5
3639500,2426500,9
3641500,2426500,6
3643500,2426500,19
3644500,2426500,17
3645500,2426500,7
3646500,2426500,3
3647500,2426500,19.5
3648500,2426500,25
3649500,2426500,1
3650500,2426500,10
3651500,2426500,2
3652500,2426500,5
3653500,2426500,17
3655500,2426500,5
3656500,2426500,5
3657500,2426500,21
3658500,2426500,14
3659500,2426500,6
3661500,2426500,7
3668500,2426500,8
3669500,2426500,3
3670500,2426500,7
3671500,2426500,23
3672500,2426500,66.5
3674500,2426500,6
3676500,2426500,3
3679500,2426500,43.5
3680500,2426500,74
3681500,2426500,28.5
3682500,2426500,8
3683500,2426500,20
3684500,2426500,2
3685500,2426500,41
3686500,2426500,76
3687500,2426500,96
3688500,2426500,20
3689500,2426500,73
3690500,2426500,28
3691500,2426500,8
3692500,2426500,82
3693500,2426500,34.5
3694500,2426500,13
3695500,2426500,15
3696500,2426500,43
3697500,2426500,8
3698500,2426500,65.5
3699500,2426500,86
3700500,2426500,22
3612500,2427500,9
3613500,2427500,8
3614500,2427500,4
3615500,2427500,6.5
3616500,2427500,18
3617500,2427500,12.5
3618500,2427500,10
3619500,2427500,118
3620500,2427500,19
3622500,2427500,29
3623500,2427500,1
3624500,2427500,10
3625500,2427500,12
3626500,2427500,12
3628500,2427500,16
3629500,2427500,13
3630500,2427500,13
3631500,2427500,60
3632500,2427500,72
3633500,2427500,5
3635500,2427500,1
3636500,2427500,11
3637500,2427500,7
3638500,2427500,4
3639500,2427500,5
3640500,2427500,6
3641500,2427500,12
3642500,2427500,37
3643500,2427500,2
3646500,2427500,15
3647500,2427500,25.5
3649500,2427500,3
3651500,2427500,2
3652500,2427500,12
3653500,2427500,1
3654500,2427500,10
3655500,2427500,9
3657500,2427500,38
3658500,2427500,47
3667500,2427500,7
3668500,2427500,95
3671500,2427500,9
3673500,2427500,5
3674500,2427500,52.5
3675500,2427500,2
3676500,2427500,6
3677500,2427500,4
3679500,2427500,78.5
3680500,2427500,11
3681500,2427500,3
3682500,2427500,10
3683500,2427500,35
3684500,2427500,9
3685500,2427500,24
3686500,2427500,58
3687500,2427500,111
3688500,2427500,10
3689500,2427500,20
3690500,2427500,7
3691500,2427500,16
3692500,2427500,29
3693500,2427500,13
3695500,2427500,42
3696500,2427500,10
3697500,2427500,21
3698500,2427500,191.5
3699500,2427500,456
3700500,2427500,53
3614500,2428500,1
3615500,2428500,7
3616500,2428500,31
3617500,2428500,3
3618500,2428500,10
3619500,2428500,16
3620500,2428500,36
3621500,2428500,4
3623500,2428500,10
3624500,2428500,4
3625500,2428500,2
3626500,2428500,53
3627500,2428500,4
3628500,2428500,19
3629500,2428500,11.5
3630500,2428500,9
3631500,2428500,10
3632500,2428500,22
3633500,2428500,9
3634500,2428500,6
3635500,2428500,5
3636500,2428500,16
3637500,2428500,8
3638500,2428500,27
3639500,2428500,57
3640500,2428500,21
3641500,2428500,19
3642500,2428500,5
3643500,2428500,3
3644500,2428500,13
3645500,2428500,11
3647500,2428500,17
3648500,2428500,1
3649500,2428500,26
3650500,2428500,7
3652500,2428500,14
3653500,2428500,12
3654500,2428500,48.5
3656500,2428500,9
3657500,2428500,2
3658500,2428500,8.5
3664500,2428500,24
3665500,2428500,55
3668500,2428500,72
3669500,2428500,8
3671500,2428500,3
3672500,2428500,4
3673500,2428500,151.5
3674500,2428500,273
3675500,2428500,26
3676500,2428500,15
3678500,2428500,15.5
3679500,2428500,115
3680500,2428500,24
3681500,2428500,15
3682500,2428500,30.5
3683500,2428500,7
3684500,2428500,15
3685500,2428500,63
3686500,2428500,38
3687500,2428500,26
3688500,2428500,22
3689500,2428500,27
3690500,2428500,22
3691500,2428500,9
3692500,2428500,7
3693500,2428500,4
3694500,2428500,10
3695500,2428500,28
3696500,2428500,5
3697500,2428500,16
3698500,2428500,79
3699500,2428500,111
3700500,2428500,67.5
3614500,2429500,4
3615500,2429500,8
3616500,2429500,4
3617500,2429500,13
3618500,2429500,2
3619500,2429500,29
3620500,2429500,2
3621500,2429500,4
3622500,2429500,27
3624500,2429500,22
3625500,2429500,4
3626500,2429500,9
3627500,2429500,2
3628500,2429500,7
3629500,2429500,2
3630500,2429500,9
3631500,2429500,4
3632500,2429500,10
3633500,2429500,5
3636500,2429500,19
3637500,2429500,19
3638500,2429500,12
3639500,2429500,21
3640500,2429500,4
3641500,2429500,9
3642500,2429500,8
3643500,2429500,14
3644500,2429500,30
3645500,2429500,10
3646500,2429500,11
3650500,2429500,7
3651500,2429500,16
3652500,2429500,1
3653500,2429500,26
3654500,2429500,17
3655500,2429500,15
3656500,2429500,16
3657500,2429500,7
3658500,2429500,26.5
3664500,2429500,1
3665500,2429500,9
3668500,2429500,21.5
3669500,2429500,6
3670500,2429500,2
3671500,2429500,3
3673500,2429500,7
3674500,2429500,11
3678500,2429500,4
3679500,2429500,10
3680500,2429500,25
3681500,2429500,18
3682500,2429500,97
3683500,2429500,48
3684500,2429500,57
3685500,2429500,48
3686500,2429500,66
3687500,2429500,22
3688500,2429500,18
3689500,2429500,33
3690500,2429500,39
3691500,2429500,20
3692500,2429500,11
3693500,2429500,2
3694500,2429500,13
3695500,2429500,10
3696500,2429500,21
3697500,2429500,19
3698500,2429500,41.5
3699500,2429500,47
3700500,2429500,29
3615500,2430500,18
3617500,2430500,4
3618500,2430500,16
3619500,2430500,9
3620500,2430500,1
3622500,2430500,8
3623500,2430500,44
3624500,2430500,18
3625500,2430500,4
3626500,2430500,6
3627500,2430500,24
3628500,2430500,34
3629500,2430500,9
3630500,2430500,21
3631500,2430500,4
3633500,2430500,5
3637500,2430500,24
3638500,2430500,1
3639500,2430500,9
3640500,2430500,6
3641500,2430500,42
3642500,2430500,7
3644500,2430500,3
3645500,2430500,6
3646500,2430500,9
3647500,2430500,10
3648500,2430500,4
3649500,2430500,10
3650500,2430500,3
3651500,2430500,25
3652500,2430500,353.5
3653500,2430500,23
3654500,2430500,11
3655500,2430500,2
3656500,2430500,4
3657500,2430500,41
3664500,2430500,8
3667500,2430500,4
3668500,2430500,3
3671500,2430500,4
3672500,2430500,1
3673500,2430500,7
3674500,2430500,7
3676500,2430500,91.5
3677500,2430500,143
3678500,2430500,17
3679500,2430500,18
3680500,2430500,53
3681500,2430500,27
3682500,2430500,36
3683500,2430500,15
3684500,2430500,26
3685500,2430500,23
3686500,2430500,263
3687500,2430500,51
3688500,2430500,8
3689500,2430500,5
3690500,2430500,12
3691500,2430500,16
3692500,2430500,11
3693500,2430500,19
3694500,2430500,22
3695500,2430500,6
3696500,2430500,10
3697500,2430500,6
3698500,2430500,7
3699500,2430500,1
3700500,2430500,11
3616500,2431500,4
3617500,2431500,4
3618500,2431500,8
3619500,2431500,7
3620500,2431500,2
3621500,2431500,8
3622500,2431500,2
3623500,2431500,55
3624500,2431500,29.5
3625500,2431500,11
3626500,2431500,14
3627500,2431500,48
3628500,2431500,4
3629500,2431500,5
3630500,2431500,11
3631500,2431500,16
3632500,2431500,90
3633500,2431500,33
3634500,2431500,21
3636500,2431500,6
3637500,2431500,5
3639500,2431500,14
3641500,2431500,6
3642500,2431500,265.5
3643500,2431500,12
3644500,2431500,2
3645500,2431500,11
3646500,2431500,4
3647500,2431500,3
3648500,2431500,22
3649500,2431500,2
3651500,2431500,20
3652500,2431500,32
3653500,2431500,31
3654500,2431500,15
3655500,2431500,14
3656500,2431500,16
3657500,2431500,15
3658500,2431500,1
3659500,2431500,18.5
3660500,2431500,18
3663500,2431500,4.5
3665500,2431500,1
3667500,2431500,3
3668500,2431500,2
3669500,2431500,9
3670500,2431500,9
3671500,2431500,3
3672500,2431500,29
3673500,2431500,10
3676500,2431500,151
3677500,2431500,155
3679500,2431500,2
3680500,2431500,29
3681500,2431500,17
3682500,2431500,27
3683500,2431500,6
3684500,2431500,16
3685500,2431500,5
3686500,2431500,4
3687500,2431500,18
3688500,2431500,7
3689500,2431500,13
3690500,2431500,5
3691500,2431500,2
3692500,2431500,12
3693500,2431500,7
3694500,2431500,62
3695500,2431500,4
3696500,2431500,19
3697500,2431500,6
3698500,2431500,19
3618500,2432500,9
3619500,2432500,6
3622500,2432500,12
3623500,2432500,10
3624500,2432500,38
3625500,2432500,37
3626500,2432500,45
3627500,2432500,63
3628500,2432500,22
3629500,2432500,3
3630500,2432500,20
3631500,2432500,32
3632500,2432500,38
3633500,2432500,22
3634500,2432500,24
3636500,2432500,15
3637500,2432500,1
3638500,2432500,22
3639500,2432500,19
3640500,2432500,35
3641500,2432500,2
3642500,2432500,34
3643500,2432500,40
3644500,2432500,3
3645500,2432500,54
3646500,2432500,34
3648500,2432500,37
3649500,2432500,3
3650500,2432500,4
3652500,2432500,7
3653500,2432500,3
3654500,2432500,8
3655500,2432500,1
3656500,2432500,2
3658500,2432500,3
3659500,2432500,11
3660500,2432500,12
3664500,2432500,2
3665500,2432500,11
3668500,2432500,5
3669500,2432500,4
3670500,2432500,13
3671500,2432500,3
3675500,2432500,30.5
3676500,2432500,8
3677500,2432500,4
3678500,2432500,11
3680500,2432500,47
3681500,2432500,14
3682500,2432500,64
3683500,2432500,11
3684500,2432500,22
3685500,2432500,11
3686500,2432500,1
3687500,2432500,8
3688500,2432500,3
3689500,2432500,8
3690500,2432500,10
3691500,2432500,2
3692500,2432500,8
3693500,2432500,1
3694500,2432500,8
3695500,2432500,20
3696500,2432500,13
3697500,2432500,7
3698500,2432500,16
3619500,2433500,9
3620500,2433500,12
3621500,2433500,5
3623500,2433500,6
3624500,2433500,58
3625500,2433500,337
3626500,2433500,15
3627500,2433500,7
3628500,2433500,9
3629500,2433500,9
3630500,2433500,2
3631500,2433500,7
3632500,2433500,7
3633500,2433500,13
3634500,2433500,5
3635500,2433500,15
3636500,2433500,6
3637500,2433500,3
3638500,2433500,61
3639500,2433500,27
3640500,2433500,3
3642500,2433500,7
3643500,2433500,26
3644500,2433500,12
3645500,2433500,87.5
3646500,2433500,29
3648500,2433500,2
3649500,2433500,17
3650500,2433500,8
3651500,2433500,19
3652500,2433500,9
3653500,2433500,6
3654500,2433500,12
3655500,2433500,17
3658500,2433500,10
3659500,2433500,1
3662500,2433500,6
3665500,2433500,4
3666500,2433500,5
3667500,2433500,1
3668500,2433500,1
3673500,2433500,5
3674500,2433500,48
3675500,2433500,68
3676500,2433500,24
3677500,2433500,3
3678500,2433500,14
3679500,2433500,19.5
3680500,2433500,14
3681500,2433500,14
3682500,2433500,9
3683500,2433500,6
3684500,2433500,23.5
3685500,2433500,13
3686500,2433500,13
3687500,2433500,26
3688500,2433500,16
3691500,2433500,13
3692500,2433500,13
3693500,2433500,7
3694500,2433500,7
3695500,2433500,7
3696500,2433500,11
3697500,2433500,16
3699500,2433500,11
3619500,2434500,6
3620500,2434500,8
3621500,2434500,3
3622500,2434500,28
3623500,2434500,7
3624500,2434500,33
3625500,2434500,16
3626500,2434500,4
3628500,2434500,17
3629500,2434500,1
3630500,2434500,40
3631500,2434500,12
3632500,2434500,97
3633500,2434500,19
3634500,2434500,34.5
3635500,2434500,28
3637500,2434500,52
3638500,2434500,4
3639500,2434500,6
3640500,2434500,31
3641500,2434500,11
3642500,2434500,7
3643500,2434500,6
3644500,2434500,36
3645500,2434500,43
3646500,2434500,4
3647500,2434500,8
3648500,2434500,9
3649500,2434500,9
3650500,2434500,8
3651500,2434500,18
3652500,2434500,82
3653500,2434500,11
3654500,2434500,2
3655500,2434500,3
3661500,2434500,6
3662500,2434500,60
3664500,2434500,4
3665500,2434500,13
3668500,2434500,30
3669500,2434500,12
3671500,2434500,33
3672500,2434500,10
3673500,2434500,20
3674500,2434500,31
3675500,2434500,12
3676500,2434500,15
3677500,2434500,5
3678500,2434500,28
3679500,2434500,113
3680500,2434500,21
3681500,2434500,2
3682500,2434500,4
3683500,2434500,10.5
3684500,2434500,8
3685500,2434500,10
3686500,2434500,8
3687500,2434500,15
3688500,2434500,52
3690500,2434500,4
3691500,2434500,12
3692500,2434500,6
3693500,2434500,11
3695500,2434500,8
3696500,2434500,13
3697500,2434500,5
3698500,2434500,3
3699500,2434500,4
3619500,2435500,17
3620500,2435500,2
3621500,2435500,8
3622500,2435500,37
3623500,2435500,20
3624500,2435500,14
3625500,2435500,23
3628500,2435500,1
3629500,2435500,16
3630500,2435500,34
3631500,2435500,20
3632500,2435500,31
3633500,2435500,53
3634500,2435500,41
3635500,2435500,4
3637500,2435500,8
3638500,2435500,3
3639500,2435500,5
3640500,2435500,12
3641500,2435500,10
3642500,2435500,6
3643500,2435500,7
3644500,2435500,41
3645500,2435500,8
3646500,2435500,3
3647500,2435500,3
3648500,2435500,1
3649500,2435500,7
3650500,2435500,6
3651500,2435500,4
3652500,2435500,115.5
3653500,2435500,22
3654500,2435500,18
3655500,2435500,2
3656500,2435500,3
3660500,2435500,8
3662500,2435500,14
3663500,2435500,6
3664500,2435500,95
3665500,2435500,45.5
3667500,2435500,5
3668500,2435500,3
3669500,2435500,36
3670500,2435500,24
3671500,2435500,19
3673500,2435500,3
3675500,2435500,125.5
3676500,2435500,5
3677500,2435500,15
3678500,2435500,3
3679500,2435500,23
3680500,2435500,22
3681500,2435500,60
3682500,2435500,54
3683500,2435500,29
3684500,2435500,3
3685500,2435500,28
3686500,2435500,28
3687500,2435500,20
3688500,2435500,25
3689500,2435500,12
3690500,2435500,1
3692500,2435500,6
3693500,2435500,9
3694500,2435500,9
3695500,2435500,27
3697500,2435500,48
3698500,2435500,19
3619500,2436500,3
3620500,2436500,11
3621500,2436500,10
3622500,2436500,46
3623500,2436500,55.5
3624500,2436500,9
3625500,2436500,4
3626500,2436500,17
3627500,2436500,20
3628500,2436500,83
3629500,2436500,60
3630500,2436500,34
3631500,2436500,27
3632500,2436500,42.5
3633500,2436500,24
3634500,2436500,15
3635500,2436500,3
3636500,2436500,10
3637500,2436500,14
3638500,2436500,12
3639500,2436500,5
3640500,2436500,2
3641500,2436500,11
3642500,2436500,9
3643500,2436500,18
3644500,2436500,7
3645500,2436500,13
3646500,2436500,5
3647500,2436500,2
3648500,2436500,2
3649500,2436500,7
3650500,2436500,13
3651500,2436500,35
3652500,2436500,27
3653500,2436500,2
3654500,2436500,5
3655500,2436500,8
3660500,2436500,6
3661500,2436500,8.5
3662500,2436500,1
3663500,2436500,5
3668500,2436500,6.5
3669500,2436500,5
3670500,2436500,1
3675500,2436500,31
3676500,2436500,5
3677500,2436500,120.5
3678500,2436500,34
3679500,2436500,2
3680500,2436500,87
3681500,2436500,564.5
3682500,2436500,138
3683500,2436500,15
3684500,2436500,12
3685500,2436500,6
3686500,2436500,17
3687500,2436500,19
3688500,2436500,35.5
3689500,2436500,18
3690500,2436500,6
3691500,2436500,5
3692500,2436500,16
3693500,2436500,1
3694500,2436500,15
3695500,2436500,6
3696500,2436500,8
3697500,2436500,11
3698500,2436500,19
3699500,2436500,2
3619500,2437500,2
3620500,2437500,4
3621500,2437500,29
3622500,2437500,4.5
3623500,2437500,25.5
3624500,2437500,15
3626500,2437500,11
3627500,2437500,39.5
3628500,2437500,341
3629500,2437500,140
3630500,2437500,59
3631500,2437500,12
3635500,2437500,6
3636500,2437500,20
3637500,2437500,7
3638500,2437500,10
3639500,2437500,6.5
3640500,2437500,37
3641500,2437500,14
3642500,2437500,19
3643500,2437500,4
3644500,2437500,12
3645500,2437500,20
3647500,2437500,10
3648500,2437500,34
3649500,2437500,3
3651500,2437500,2
3652500,2437500,9
3653500,2437500,6.5
3655500,2437500,6
3656500,2437500,31
3657500,2437500,6
3659500,2437500,1
3660500,2437500,20
3661500,2437500,40
3667500,2437500,7
3668500,2437500,3
3669500,2437500,2
3671500,2437500,5
3672500,2437500,9
3673500,2437500,4
3674500,2437500,15.5
3675500,2437500,2
3677500,2437500,5
3678500,2437500,3
3679500,2437500,6
3680500,2437500,94
3681500,2437500,49
3682500,2437500,6
3683500,2437500,51
3684500,2437500,2
3685500,2437500,22
3686500,2437500,24
3687500,2437500,30
3688500,2437500,17
3689500,2437500,61.5
3690500,2437500,13
3691500,2437500,21
3692500,2437500,3
3693500,2437500,9
3694500,2437500,6
3695500,2437500,23
3696500,2437500,4
3697500,2437500,10
3698500,2437500,3
3699500,2437500,6
3621500,2438500,5
3622500,2438500,2
3623500,2438500,21.5
3626500,2438500,11
3627500,2438500,36
3628500,2438500,26
3629500,2438500,39
3630500,2438500,28
3631500,2438500,7
3632500,2438500,15
3636500,2438500,5
3637500,2438500,10
3638500,2438500,2
3639500,2438500,20
3640500,2438500,16
3641500,2438500,6
3642500,2438500,19.5
3643500,2438500,3
3644500,2438500,65
3645500,2438500,6
3646500,2438500,2
3647500,2438500,6
3648500,2438500,17
3649500,2438500,2
3650500,2438500,23.5
3651500,2438500,4
3652500,2438500,2
3653500,2438500,3
3655500,2438500,3
3656500,2438500,68
3657500,2438500,9
3658500,2438500,6
3659500,2438500,6
3660500,2438500,9
3661500,2438500,16
3662500,2438500,9.5
3666500,2438500,7
3667500,2438500,13
3670500,2438500,45
3671500,2438500,13
3672500,2438500,4
3673500,2438500,37
3674500,2438500,71
3675500,2438500,2
3676500,2438500,23
3677500,2438500,11
3678500,2438500,5
3679500,2438500,19
3680500,2438500,16
3681500,2438500,69.5
3682500,2438500,1.5
3683500,2438500,27
3684500,2438500,26
3685500,2438500,28
3686500,2438500,39
3687500,2438500,13
3688500,2438500,4
3689500,2438500,3
3690500,2438500,9
3691500,2438500,17
3693500,2438500,17
3695500,2438500,7
3696500,2438500,6
3697500,2438500,18
3698500,2438500,8
3699500,2438500,6
3627500,2439500,34.5
3628500,2439500,6
3629500,2439500,15
3630500,2439500,40
3631500,2439500,19
3632500,2439500,18
3633500,2439500,17
3634500,2439500,10
3635500,2439500,37
3636500,2439500,38.5
3637500,2439500,34
3638500,2439500,15
3639500,2439500,24
3640500,2439500,19
3641500,2439500,3
3642500,2439500,9
3643500,2439500,42
3644500,2439500,17
3645500,2439500,44
3646500,2439500,12
3648500,2439500,4
3649500,2439500,16
3650500,2439500,33
3651500,2439500,42
3653500,2439500,1
3654500,2439500,1
3655500,2439500,5
3657500,2439500,5
3660500,2439500,4
3661500,2439500,1
3667500,2439500,4
3668500,2439500,1
3669500,2439500,3
3670500,2439500,82.5
3671500,2439500,140
3672500,2439500,50
3673500,2439500,19
3674500,2439500,14
3675500,2439500,80
3676500,2439500,28
3677500,2439500,14
3678500,2439500,14
3679500,2439500,8
3681500,2439500,11
3682500,2439500,20
3683500,2439500,12
3684500,2439500,10
3685500,2439500,8
3686500,2439500,3
3687500,2439500,8
3688500,2439500,12
3689500,2439500,15
3690500,2439500,4
3691500,2439500,9
3693500,2439500,3
3694500,2439500,31
3695500,2439500,6
3696500,2439500,5
3697500,2439500,46
3698500,2439500,3
3700500,2439500,12
3701500,2439500,9
3627500,2440500,16.5
3628500,2440500,5
3629500,2440500,23
3630500,2440500,11
3631500,2440500,1
3632500,2440500,4
3633500,2440500,8
3634500,2440500,38
3635500,2440500,14
3636500,2440500,100
3637500,2440500,78
3638500,2440500,27
3639500,2440500,14
3640500,2440500,23
3641500,2440500,31
3642500,2440500,18
3643500,2440500,48
3644500,2440500,43.5
3645500,2440500,6
3646500,2440500,26
3647500,2440500,6
3648500,2440500,18
3649500,2440500,22
3650500,2440500,20
3655500,2440500,2
3656500,2440500,2
3657500,2440500,2
3658500,2440500,4
3659500,2440500,2
3660500,2440500,13
3663500,2440500,10
3665500,2440500,60.5
3666500,2440500,30
3667500,2440500,8
3668500,2440500,17
3669500,2440500,28
3670500,2440500,58
3671500,2440500,59
3673500,2440500,7
3674500,2440500,7
3675500,2440500,7
3676500,2440500,12
3678500,2440500,24
3679500,2440500,4
3680500,2440500,17
3681500,2440500,35
3682500,2440500,10
3683500,2440500,4
3684500,2440500,8
3685500,2440500,10
3686500,2440500,18
3687500,2440500,11
3688500,2440500,12
3689500,2440500,24
3690500,2440500,8
3691500,2440500,7
3692500,2440500,1
3693500,2440500,2
3695500,2440500,22
3696500,2440500,8
3697500,2440500,18
3698500,2440500,6
3699500,2440500,9
3700500,2440500,3
3701500,2440500,5
3629500,2441500,14
3630500,2441500,7
3631500,2441500,1
3632500,2441500,29
3633500,2441500,14
3634500,2441500,21
3635500,2441500,73
3636500,2441500,46
3637500,2441500,212.5
3638500,2441500,703.5
3639500,2441500,65
3640500,2441500,62
3641500,2441500,56
3642500,2441500,52
3643500,2441500,111
3644500,2441500,29
3645500,2441500,25
3646500,2441500,34
3647500,2441500,70
3648500,2441500,24
3649500,2441500,11
3650500,2441500,9
3651500,2441500,3
3652500,2441500,19
3654500,2441500,3
3655500,2441500,3
3663500,2441500,6
3664500,2441500,12.5
3665500,2441500,1
3666500,2441500,2
3668500,2441500,32
3669500,2441500,5
3670500,2441500,13
3671500,2441500,11
3672500,2441500,48
3673500,2441500,15
3674500,2441500,3
3675500,2441500,21
3676500,2441500,5
3677500,2441500,9
3678500,2441500,2
3679500,2441500,25
3680500,2441500,9
3681500,2441500,9
3682500,2441500,5
3683500,2441500,25
3684500,2441500,24
3685500,2441500,10
3686500,2441500,22
3687500,2441500,11
3688500,2441500,20
3689500,2441500,7
3690500,2441500,1
3691500,2441500,12
3692500,2441500,6
3693500,2441500,2
3695500,2441500,7
3696500,2441500,17
3697500,2441500,12
3698500,2441500,7
3699500,2441500,7
3700500,2441500,14
3701500,2441500,11
3632500,2442500,46
3633500,2442500,23
3634500,2442500,93
3635500,2442500,26.5
3636500,2442500,15
3637500,2442500,59
3638500,2442500,752
3639500,2442500,793.5
3640500,2442500,107.5
3641500,2442500,53
3642500,2442500,28
3643500,2442500,351
3644500,2442500,62.5
3645500,2442500,22
3646500,2442500,14
3647500,2442500,105
3648500,2442500,28
3649500,2442500,10
3651500,2442500,6
3654500,2442500,2
3657500,2442500,18
3658500,2442500,2
3659500,2442500,11
3662500,2442500,31
3663500,2442500,55
3664500,2442500,13
3665500,2442500,94
3666500,2442500,80
3667500,2442500,53
3668500,2442500,84.5
3669500,2442500,2
3670500,2442500,31
3671500,2442500,20
3672500,2442500,1
3673500,2442500,8
3674500,2442500,13
3675500,2442500,20
3676500,2442500,44.5
3677500,2442500,23
3678500,2442500,21
3679500,2442500,31
3680500,2442500,84
3681500,2442500,4
3682500,2442500,5
3683500,2442500,4
3684500,2442500,24
3685500,2442500,16
3686500,2442500,48
3687500,2442500,14
3689500,2442500,33
3690500,2442500,55
3691500,2442500,18
3692500,2442500,8
3693500,2442500,6
3694500,2442500,100.5
3695500,2442500,26
3696500,2442500,10
3697500,2442500,4
3698500,2442500,8
3699500,2442500,20
3700500,2442500,11
3701500,2442500,4
3632500,2443500,6
3633500,2443500,8
3634500,2443500,7
3636500,2443500,9
3637500,2443500,28
3638500,2443500,30
3639500,2443500,130.5
3640500,2443500,126.5
3641500,2443500,99
3642500,2443500,55.5
3643500,2443500,163
3644500,2443500,34
3645500,2443500,6
3646500,2443500,25
3647500,2443500,23
3648500,2443500,16
3651500,2443500,2
3652500,2443500,4
3657500,2443500,47
3662500,2443500,35
3663500,2443500,43
3664500,2443500,20
3665500,2443500,174
3666500,2443500,655.5
3667500,2443500,284
3668500,2443500,7
3669500,2443500,27
3670500,2443500,26
3671500,2443500,103
3672500,2443500,23
3673500,2443500,16
3674500,2443500,18
3675500,2443500,13
3676500,2443500,217
3677500,2443500,13
3678500,2443500,24
3679500,2443500,195
3680500,2443500,270.5
3681500,2443500,40
3682500,2443500,126
3683500,2443500,56
3684500,2443500,23
3685500,2443500,25
3686500,2443500,3
3687500,2443500,5
3689500,2443500,3
3690500,2443500,16
3691500,2443500,8
3693500,2443500,52.5
3694500,2443500,210
3695500,2443500,15
3697500,2443500,2
3698500,2443500,2
3699500,2443500,17
3700500,2443500,22
3633500,2444500,30.5
3634500,2444500,4
3635500,2444500,25
3636500,2444500,159.5
3637500,2444500,30
3638500,2444500,48
3639500,2444500,56.5
3640500,2444500,36
3641500,2444500,46
3642500,2444500,13
3643500,2444500,31
3644500,2444500,18
3645500,2444500,38
3646500,2444500,8
3647500,2444500,11
3648500,2444500,46
3649500,2444500,33
3654500,2444500,4
3660500,2444500,7
3663500,2444500,6
3664500,2444500,6
3665500,2444500,181
3666500,2444500,529.5
3667500,2444500,376
3668500,2444500,10
3669500,2444500,79
3670500,2444500,22.5
3671500,2444500,57.5
3672500,2444500,16
3673500,2444500,47
3674500,2444500,10
3675500,2444500,35
3676500,2444500,48
3677500,2444500,3
3678500,2444500,6
3679500,2444500,63
3680500,2444500,9
3681500,2444500,5
3682500,2444500,4
3683500,2444500,10
3684500,2444500,9
3685500,2444500,11
3686500,2444500,15
3687500,2444500,2
3688500,2444500,6
3689500,2444500,18
3690500,2444500,5
3691500,2444500,7
3692500,2444500,13
3693500,2444500,12
3694500,2444500,8
3695500,2444500,6
3696500,2444500,4
3697500,2444500,10
3699500,2444500,11
3701500,2444500,26
3633500,2445500,13
3634500,2445500,15.5
3635500,2445500,28
3636500,2445500,18
3637500,2445500,65
3638500,2445500,43
3639500,2445500,34
3640500,2445500,37
3641500,2445500,59
3642500,2445500,2
3643500,2445500,43
3644500,2445500,26
3645500,2445500,2
3646500,2445500,28
3647500,2445500,6
3648500,2445500,2
3652500,2445500,3
3653500,2445500,2
3654500,2445500,4
3659500,2445500,5
3663500,2445500,15
3664500,2445500,5
3665500,2445500,35
3666500,2445500,57
3667500,2445500,3
3668500,2445500,42
3669500,2445500,212
3670500,2445500,56
3671500,2445500,20
3672500,2445500,13
3673500,2445500,15
3674500,2445500,36
3675500,2445500,11
3676500,2445500,13
3677500,2445500,10
3678500,2445500,3
3679500,2445500,11
3680500,2445500,2
3681500,2445500,40
3682500,2445500,25
3683500,2445500,15
3684500,2445500,13
3685500,2445500,19
3686500,2445500,28
3687500,2445500,1
3688500,2445500,17
3689500,2445500,15
3690500,2445500,2
3692500,2445500,1
3693500,2445500,16
3694500,2445500,16
3695500,2445500,1
3696500,2445500,9
3697500,2445500,2
3698500,2445500,4
3699500,2445500,2
3632500,2446500,35
3634500,2446500,22
3635500,2446500,8
3636500,2446500,31
3637500,2446500,58
3638500,2446500,26
3639500,2446500,26
3640500,2446500,23
3641500,2446500,57
3642500,2446500,22
3643500,2446500,4
3644500,2446500,15
3645500,2446500,31
3646500,2446500,36
3647500,2446500,4
3648500,2446500,25
3649500,2446500,4
3652500,2446500,4
3653500,2446500,4
3656500,2446500,12
3657500,2446500,4
3658500,2446500,26
3662500,2446500,3
3663500,2446500,78
3664500,2446500,37
3665500,2446500,8
3666500,2446500,35
3667500,2446500,36
3668500,2446500,9
3669500,2446500,44
3670500,2446500,8
3671500,2446500,19
3672500,2446500,15
3673500,2446500,108
3674500,2446500,20
3675500,2446500,37
3676500,2446500,10
3677500,2446500,12
3678500,2446500,27
3679500,2446500,8
3680500,2446500,21
3681500,2446500,8
3682500,2446500,2
3683500,2446500,8
3684500,2446500,10
3685500,2446500,7
3686500,2446500,3
3687500,2446500,7
3688500,2446500,8
3689500,2446500,30
3690500,2446500,11
3691500,2446500,2
3692500,2446500,9
3693500,2446500,21
3694500,2446500,20
3695500,2446500,7
3696500,2446500,2
3697500,2446500,9
3698500,2446500,10
3699500,2446500,1
3632500,2447500,27
3633500,2447500,22
3634500,2447500,46
3635500,2447500,26
3636500,2447500,2
3638500,2447500,31
3639500,2447500,61
3640500,2447500,104
3641500,2447500,36.5
3642500,2447500,72.5
3643500,2447500,15
3644500,2447500,2
3645500,2447500,16
3646500,2447500,244.5
3647500,2447500,4
3648500,2447500,1
3649500,2447500,7
3652500,2447500,9
3653500,2447500,2
3655500,2447500,4
3656500,2447500,20
3657500,2447500,16
3658500,2447500,96
3659500,2447500,49.5
3660500,2447500,22
3661500,2447500,18
3662500,2447500,73
3664500,2447500,55
3665500,2447500,22
3666500,2447500,11
3667500,2447500,22
3668500,2447500,23
3669500,2447500,41
3670500,2447500,16
3671500,2447500,15
3672500,2447500,22
3673500,2447500,50
3674500,2447500,31
3676500,2447500,28
3677500,2447500,85
3678500,2447500,15
3679500,2447500,6
3680500,2447500,16
3681500,2447500,13
3682500,2447500,11
3683500,2447500,2
3684500,2447500,42
3685500,2447500,4
3686500,2447500,11
3687500,2447500,12.5
3688500,2447500,10
3690500,2447500,5
3691500,2447500,9
3692500,2447500,1
3693500,2447500,17
3694500,2447500,6.5
3695500,2447500,11
3632500,2448500,41
3633500,2448500,30.5
3634500,2448500,42
3635500,2448500,9
3636500,2448500,5
3637500,2448500,17
3638500,2448500,19
3639500,2448500,21
3640500,2448500,18
3641500,2448500,17
3642500,2448500,41
3643500,2448500,7.5
3645500,2448500,29
3646500,2448500,120
3647500,2448500,34
3649500,2448500,4
3650500,2448500,1
3651500,2448500,15
3652500,2448500,12
3654500,2448500,1
3655500,2448500,13
3657500,2448500,17
3658500,2448500,8.5
3659500,2448500,11
3660500,2448500,3
3661500,2448500,25
3662500,2448500,8
3663500,2448500,21
3664500,2448500,218
3665500,2448500,14
3666500,2448500,14
3667500,2448500,11
3668500,2448500,24
3669500,2448500,225
3670500,2448500,2
3671500,2448500,25.5
3672500,2448500,42
3673500,2448500,15
3674500,2448500,24
3675500,2448500,46
3676500,2448500,9
3677500,2448500,65
3678500,2448500,6
3679500,2448500,6
3680500,2448500,33.5
3681500,2448500,13
3682500,2448500,10
3683500,2448500,50
3685500,2448500,2
3686500,2448500,16
3687500,2448500,9
3689500,2448500,20
3690500,2448500,1
3691500,2448500,26
3692500,2448500,12
3694500,2448500,26
3695500,2448500,2
3632500,2449500,36
3633500,2449500,7
3634500,2449500,8
3635500,2449500,10
3636500,2449500,56.5
3637500,2449500,67
3638500,2449500,23.5
3639500,2449500,58
3640500,2449500,58
3641500,2449500,19
3642500,2449500,12
3643500,2449500,29
3644500,2449500,6
3645500,2449500,1
3646500,2449500,44
3647500,2449500,12
3649500,2449500,3.5
3651500,2449500,57
3652500,2449500,28
3653500,2449500,3
3654500,2449500,36
3657500,2449500,2
3660500,2449500,2
3661500,2449500,6
3662500,2449500,19
3663500,2449500,30
3664500,2449500,376
3665500,2449500,4
3666500,2449500,11
3667500,2449500,6
3668500,2449500,48
3669500,2449500,34
3670500,2449500,19
3671500,2449500,7
3672500,2449500,16
3673500,2449500,18
3674500,2449500,22
3675500,2449500,20
3676500,2449500,3
3677500,2449500,2
3678500,2449500,2
3679500,2449500,36
3680500,2449500,59
3681500,2449500,46
3682500,2449500,11
3683500,2449500,5
3684500,2449500,42
3685500,2449500,56.5
3686500,2449500,30
3687500,2449500,7
3688500,2449500,11
3689500,2449500,18
3692500,2449500,2
3693500,2449500,3
3634500,2450500,2
3635500,2450500,7
3636500,2450500,15
3637500,2450500,44
3638500,2450500,26
3639500,2450500,22
3640500,2450500,38
3641500,2450500,23
3642500,2450500,8
3643500,2450500,11
3644500,2450500,3
3645500,2450500,26
3646500,2450500,64
3647500,2450500,2
3651500,2450500,6
3653500,2450500,4
3654500,2450500,2
3656500,2450500,1
3657500,2450500,7
3658500,2450500,5
3660500,2450500,6
3662500,2450500,6
3663500,2450500,15
3664500,2450500,51.5
3665500,2450500,7
3666500,2450500,19
3667500,2450500,22
3668500,2450500,4
3669500,2450500,57
3670500,2450500,8
3671500,2450500,22
3672500,2450500,20
3673500,2450500,29
3674500,2450500,70
3675500,2450500,2
3676500,2450500,13
3677500,2450500,24
3678500,2450500,4
3679500,2450500,228.5
3680500,2450500,1044
3681500,2450500,89
3682500,2450500,15
3683500,2450500,23
3684500,2450500,15
3685500,2450500,39
3686500,2450500,12
3688500,2450500,5
3690500,2450500,5
3691500,2450500,8
3692500,2450500,2
3693500,2450500,9
3695500,2450500,1
3697500,2450500,3
3638500,2451500,27
3639500,2451500,48.5
3640500,2451500,9
3641500,2451500,26
3642500,2451500,39
3643500,2451500,3
3644500,2451500,17
3645500,2451500,27.5
3646500,2451500,50
3647500,2451500,11
3649500,2451500,4
3650500,2451500,3
3653500,2451500,13
3654500,2451500,2
3655500,2451500,3
3657500,2451500,12
3658500,2451500,88
3660500,2451500,3
3663500,2451500,6
3664500,2451500,18
3665500,2451500,28
3666500,2451500,45
3667500,2451500,7
3668500,2451500,21
3669500,2451500,28
3671500,2451500,2
3672500,2451500,1
3674500,2451500,114.5
3675500,2451500,33
3676500,2451500,32
3677500,2451500,171
3678500,2451500,59.5
3679500,2451500,340.5
3680500,2451500,1422
3681500,2451500,204
3682500,2451500,4
3683500,2451500,10
3684500,2451500,20
3686500,2451500,7
3687500,2451500,24
3688500,2451500,3
3690500,2451500,4
3691500,2451500,218
3692500,2451500,150.5
3693500,2451500,2
3696500,2451500,6
3638500,2452500,61
3639500,2452500,1
3640500,2452500,110
3641500,2452500,10
3642500,2452500,64
3643500,2452500,24
3644500,2452500,8
3645500,2452500,25.5
3646500,2452500,21
3648500,2452500,8
3649500,2452500,2
3650500,2452500,13
3652500,2452500,2
3653500,2452500,52
3654500,2452500,9
3655500,2452500,1
3656500,2452500,8
3657500,2452500,2
3658500,2452500,2
3659500,2452500,6
3663500,2452500,2
3664500,2452500,10.5
3665500,2452500,137
3666500,2452500,56
3667500,2452500,20
3668500,2452500,11
3669500,2452500,5
3672500,2452500,3
3673500,2452500,24
3674500,2452500,8
3675500,2452500,33
3676500,2452500,78
3677500,2452500,197.5
3678500,2452500,46
3679500,2452500,326.5
3680500,2452500,364
3681500,2452500,81
3682500,2452500,6.5
3683500,2452500,10
3684500,2452500,46
3685500,2452500,12
3686500,2452500,4
3687500,2452500,22
3688500,2452500,9
3689500,2452500,13
3690500,2452500,12
3691500,2452500,53.5
3692500,2452500,23
3693500,2452500,18
3694500,2452500,2
3695500,2452500,2
3638500,2453500,20
3639500,2453500,15
3640500,2453500,85
3641500,2453500,16
3642500,2453500,15
3643500,2453500,15
3644500,2453500,73
3645500,2453500,30
3650500,2453500,55.5
3651500,2453500,9
3652500,2453500,63
3653500,2453500,26
3654500,2453500,9
3655500,2453500,3
3658500,2453500,10.5
3659500,2453500,13
3660500,2453500,7
3663500,2453500,11
3665500,2453500,3
3666500,2453500,3
3667500,2453500,1
3668500,2453500,33
3672500,2453500,100
3673500,2453500,125
3674500,2453500,24.5
3675500,2453500,25
3676500,2453500,4
3677500,2453500,41
3678500,2453500,70
3679500,2453500,34.5
3680500,2453500,19
3681500,2453500,30
3682500,2453500,26.5
3683500,2453500,28
3684500,2453500,12
3685500,2453500,5
3686500,2453500,16
3687500,2453500,1
3689500,2453500,5
3690500,2453500,23
3691500,2453500,6
3693500,2453500,1
3694500,2453500,2
3695500,2453500,10
3696500,2453500,7
3638500,2454500,16
3639500,2454500,71
3640500,2454500,1.5
3641500,2454500,5
3642500,2454500,7
3643500,2454500,21
3644500,2454500,12
3645500,2454500,14
3646500,2454500,3
3647500,2454500,14
3649500,2454500,77
3650500,2454500,414
3651500,2454500,7
3653500,2454500,2
3654500,2454500,59
3655500,2454500,9
3656500,2454500,8
3658500,2454500,19
3659500,2454500,16
3660500,2454500,13.5
3661500,2454500,4
3664500,2454500,4
3665500,2454500,14
3666500,2454500,10
3671500,2454500,18
3672500,2454500,39
3673500,2454500,2
3674500,2454500,8
3675500,2454500,16
3676500,2454500,28
3677500,2454500,40
3678500,2454500,132.5
3679500,2454500,96
3680500,2454500,95.5
3681500,2454500,13
3683500,2454500,64
3684500,2454500,17
3687500,2454500,7
3688500,2454500,11
3690500,2454500,5
3691500,2454500,13
3692500,2454500,4
3693500,2454500,7
3694500,2454500,10
3695500,2454500,20
3697500,2454500,5
3641500,2455500,13
3642500,2455500,10
3643500,2455500,2
3644500,2455500,18
3645500,2455500,57
3647500,2455500,54.5
3648500,2455500,109
3649500,2455500,37
3650500,2455500,2
3651500,2455500,12
3652500,2455500,22
3653500,2455500,15.5
3654500,2455500,27.5
3655500,2455500,64
3656500,2455500,149
3657500,2455500,4
3658500,2455500,2
3659500,2455500,44
3660500,2455500,14
3661500,2455500,10
3664500,2455500,2
3669500,2455500,3
3670500,2455500,25
3671500,2455500,29
3672500,2455500,34
3673500,2455500,36
3674500,2455500,71
3675500,2455500,22
3676500,2455500,93.5
3677500,2455500,130.5
3678500,2455500,38
3679500,2455500,47
3680500,2455500,1
3681500,2455500,2
3683500,2455500,13.5
3684500,2455500,6
3686500,2455500,5
3687500,2455500,1
3689500,2455500,9
3690500,2455500,2
3691500,2455500,5
3693500,2455500,8
3695500,2455500,7
3696500,2455500,2
3697500,2455500,2
3642500,2456500,36
3643500,2456500,9.5
3644500,2456500,22
3645500,2456500,41
3647500,2456500,54.5
3648500,2456500,270
3649500,2456500,1
3651500,2456500,15
3652500,2456500,18
3653500,2456500,18
3654500,2456500,112.5
3655500,2456500,163
3656500,2456500,46
3657500,2456500,74
3659500,2456500,38
3661500,2456500,40
3662500,2456500,1
3664500,2456500,12
3666500,2456500,2
3667500,2456500,19
3668500,2456500,29
3669500,2456500,22.5
3670500,2456500,42
3672500,2456500,35
3673500,2456500,30
3674500,2456500,303
3675500,2456500,30
3676500,2456500,33
3677500,2456500,16
3678500,2456500,41
3679500,2456500,88
3680500,2456500,119
3681500,2456500,12
3682500,2456500,20
3683500,2456500,3
3684500,2456500,7
3685500,2456500,13
3686500,2456500,9
3687500,2456500,10
3688500,2456500,11
3690500,2456500,8
3691500,2456500,7
3692500,2456500,14
3693500,2456500,33
3694500,2456500,13
3695500,2456500,4
3696500,2456500,2
3645500,2457500,7.5
3646500,2457500,17
3647500,2457500,2
3648500,2457500,124
3649500,2457500,14
3650500,2457500,56
3651500,2457500,14
3652500,2457500,29
3653500,2457500,24
3654500,2457500,21
3655500,2457500,41
3656500,2457500,6
3657500,2457500,51.5
3658500,2457500,58
3659500,2457500,5
3660500,2457500,8
3661500,2457500,12
3662500,2457500,10
3663500,2457500,2
3664500,2457500,3
3667500,2457500,11
3668500,2457500,31
3669500,2457500,10
3670500,2457500,18
3671500,2457500,162
3672500,2457500,19
3673500,2457500,3
3674500,2457500,8
3675500,2457500,83
3676500,2457500,563
3677500,2457500,330
3678500,2457500,76
3679500,2457500,33
3680500,2457500,30
3681500,2457500,16
3682500,2457500,12
3683500,2457500,35
3685500,2457500,23
3686500,2457500,54
3688500,2457500,16
3689500,2457500,4
3690500,2457500,6
3691500,2457500,15
3692500,2457500,3
3693500,2457500,7
3694500,2457500,14
3695500,2457500,4
3696500,2457500,4
3644500,2458500,141
3645500,2458500,21
3646500,2458500,60.5
3647500,2458500,181.5
3648500,2458500,1026.5
3649500,2458500,26
3650500,2458500,6
3651500,2458500,14
3652500,2458500,9
3653500,2458500,39
3654500,2458500,53
3655500,2458500,11
3656500,2458500,19
3657500,2458500,41
3658500,2458500,12
3659500,2458500,20
3660500,2458500,33
3661500,2458500,13
3662500,2458500,22
3664500,2458500,10
3667500,2458500,25
3668500,2458500,79
3669500,2458500,24
3670500,2458500,129
3671500,2458500,64
3672500,2458500,546
3673500,2458500,188.5
3674500,2458500,82
3675500,2458500,126
3676500,2458500,303
3677500,2458500,423
3678500,2458500,667
3679500,2458500,99
3680500,2458500,102
3681500,2458500,3
3682500,2458500,3
3683500,2458500,27
3685500,2458500,10
3686500,2458500,11
3687500,2458500,12
3688500,2458500,9
3689500,2458500,15
3690500,2458500,6
3691500,2458500,4
3693500,2458500,1
3695500,2458500,4
3696500,2458500,10
3644500,2459500,21
3645500,2459500,10
3646500,2459500,186
3647500,2459500,899
3648500,2459500,446.5
3649500,2459500,13
3650500,2459500,12
3651500,2459500,32
3652500,2459500,47
3653500,2459500,46
3654500,2459500,20.5
3655500,2459500,23
3657500,2459500,15
3658500,2459500,22
3659500,2459500,6
3660500,2459500,27
3661500,2459500,8
3662500,2459500,160
3664500,2459500,6
3666500,2459500,4
3667500,2459500,4
3668500,2459500,121
3669500,2459500,47
3670500,2459500,56.5
3671500,2459500,73.5
3672500,2459500,172
3673500,2459500,21
3674500,2459500,70.5
3675500,2459500,44
3676500,2459500,61
3677500,2459500,400.5
3678500,2459500,694
3679500,2459500,41
3680500,2459500,38
3681500,2459500,1
3682500,2459500,9
3683500,2459500,8
3684500,2459500,3
3685500,2459500,7
3686500,2459500,6
3687500,2459500,6
3688500,2459500,19
3689500,2459500,27
3690500,2459500,6
3691500,2459500,8
3693500,2459500,10
3695500,2459500,4
3696500,2459500,15
3643500,2460500,15
3645500,2460500,4
3646500,2460500,5
3647500,2460500,28
3648500,2460500,298
3649500,2460500,35
3650500,2460500,10
3651500,2460500,19
3652500,2460500,10
3653500,2460500,34.5
3654500,2460500,64
3655500,2460500,21
3656500,2460500,18
3657500,2460500,10
3658500,2460500,14
3659500,2460500,11
3660500,2460500,24.5
3661500,2460500,12
3662500,2460500,8
3663500,2460500,6
3664500,2460500,3
3665500,2460500,33
3667500,2460500,2
3668500,2460500,27.5
3669500,2460500,55
3670500,2460500,81
3671500,2460500,29
3672500,2460500,9
3673500,2460500,38
3676500,2460500,9
3677500,2460500,81
3678500,2460500,141.5
3679500,2460500,162
3680500,2460500,142
3681500,2460500,2
3682500,2460500,14
3683500,2460500,25
3684500,2460500,98
3685500,2460500,36
3686500,2460500,4
3687500,2460500,3
3688500,2460500,5
3689500,2460500,25
3690500,2460500,4
3691500,2460500,2
3693500,2460500,11
3695500,2460500,4
3696500,2460500,12
3643500,2461500,6
3645500,2461500,1
3648500,2461500,4
3649500,2461500,24
3650500,2461500,12
3651500,2461500,17
3652500,2461500,32
3653500,2461500,42
3654500,2461500,69.5
3655500,2461500,9.5
3656500,2461500,11
3657500,2461500,4.5
3658500,2461500,127
3659500,2461500,87
3660500,2461500,78
3661500,2461500,11
3662500,2461500,38
3663500,2461500,38
3664500,2461500,8
3665500,2461500,20
3666500,2461500,16
3667500,2461500,11
3668500,2461500,122
3669500,2461500,170.5
3670500,2461500,43
3676500,2461500,47
3677500,2461500,22
3678500,2461500,38
3679500,2461500,56.5
3680500,2461500,72
3681500,2461500,72.5
3682500,2461500,12
3683500,2461500,33
3684500,2461500,83
3685500,2461500,42.5
3688500,2461500,5
3690500,2461500,16
3693500,2461500,10
3644500,2462500,13
3645500,2462500,3
3646500,2462500,8
3648500,2462500,8
3649500,2462500,65
3650500,2462500,7
3651500,2462500,7
3652500,2462500,16
3653500,2462500,1
3654500,2462500,22
3655500,2462500,11
3656500,2462500,26
3657500,2462500,21.5
3658500,2462500,276.5
3659500,2462500,329.5
3660500,2462500,64
3661500,2462500,14
3662500,2462500,21
3663500,2462500,109
3664500,2462500,18
3665500,2462500,19
3666500,2462500,83
3667500,2462500,41
3668500,2462500,111
3669500,2462500,124
3670500,2462500,19
3681500,2462500,22
3682500,2462500,33
3683500,2462500,38
3689500,2462500,2
3690500,2462500,4
3692500,2462500,5
3693500,2462500,2
3645500,2463500,24
3646500,2463500,8
3647500,2463500,12
3648500,2463500,10
3649500,2463500,4
3650500,2463500,2
3651500,2463500,21
3652500,2463500,9
3653500,2463500,10
3654500,2463500,18.5
3656500,2463500,19
3657500,2463500,28
3658500,2463500,38
3659500,2463500,50.5
3660500,2463500,41
3661500,2463500,28.5
3662500,2463500,19
3663500,2463500,58
3664500,2463500,7
3665500,2463500,39
3666500,2463500,651
3667500,2463500,114
3668500,2463500,32
3669500,2463500,38
3670500,2463500,34.5
3682500,2463500,7
3685500,2463500,10
3688500,2463500,8
3689500,2463500,19
3692500,2463500,1
3644500,2464500,14
3645500,2464500,3
3647500,2464500,5
3648500,2464500,11
3649500,2464500,12
3650500,2464500,32
3651500,2464500,5
3652500,2464500,13
3653500,2464500,2
3655500,2464500,1
3656500,2464500,30.5
3657500,2464500,11
3658500,2464500,27
3659500,2464500,10
3660500,2464500,19
3661500,2464500,7
3662500,2464500,10
3663500,2464500,18
3664500,2464500,5
3665500,2464500,18
3666500,2464500,79
3667500,2464500,32
3668500,2464500,27
3669500,2464500,13
3682500,2464500,5
3683500,2464500,2
3684500,2464500,7.5
3644500,2465500,7
3645500,2465500,15
3646500,2465500,2
3647500,2465500,9
3648500,2465500,18
3651500,2465500,4.5
3652500,2465500,11.5
3653500,2465500,81
3654500,2465500,53.5
3655500,2465500,48
3656500,2465500,82
3657500,2465500,7
3658500,2465500,8
3659500,2465500,5
3660500,2465500,2
3661500,2465500,17
3662500,2465500,49.5
3663500,2465500,11
3664500,2465500,38
3665500,2465500,121
3666500,2465500,34
3667500,2465500,71
3644500,2466500,6
3646500,2466500,5
3648500,2466500,7
3649500,2466500,4
3650500,2466500,50
3651500,2466500,12
3652500,2466500,27
3653500,2466500,17
3654500,2466500,41
3655500,2466500,13
3656500,2466500,17
3657500,2466500,1
3658500,2466500,20
3659500,2466500,24
3660500,2466500,38
3661500,2466500,24
3662500,2466500,22
3663500,2466500,16
3664500,2466500,27
3665500,2466500,67
3666500,2466500,22
3667500,2466500,24
3644500,2467500,9
3646500,2467500,17.5
3647500,2467500,7
3648500,2467500,2
3650500,2467500,2
3651500,2467500,5
3652500,2467500,11
3653500,2467500,21
3654500,2467500,7
3655500,2467500,11
3656500,2467500,3
3657500,2467500,14
3658500,2467500,9
3659500,2467500,11
3660500,2467500,40
3661500,2467500,39
3662500,2467500,53
3663500,2467500,40
3664500,2467500,152
3665500,2467500,62
3666500,2467500,11
3667500,2467500,18
3644500,2468500,16
3645500,2468500,5.5
3647500,2468500,1
3648500,2468500,9
3649500,2468500,6
3650500,2468500,7
3651500,2468500,23
3652500,2468500,39
3653500,2468500,1
3655500,2468500,5
3656500,2468500,7
3657500,2468500,4
3658500,2468500,49
3659500,2468500,70
3660500,2468500,42
3661500,2468500,36
3662500,2468500,448.5
3663500,2468500,53.5
3664500,2468500,46.5
3665500,2468500,49.5
3645500,2469500,13
3646500,2469500,2
3647500,2469500,16
3648500,2469500,36
3650500,2469500,5
3651500,2469500,6
3652500,2469500,1
3653500,2469500,5
3654500,2469500,5
3655500,2469500,4
3656500,2469500,20.5
3658500,2469500,32
3659500,2469500,38.5
3660500,2469500,58
3661500,2469500,26
3662500,2469500,49
3663500,2469500,83
3664500,2469500,30
3665500,2469500,83.5
3645500,2470500,4
3646500,2470500,1
3647500,2470500,49
3648500,2470500,61
3649500,2470500,11
3650500,2470500,28
3651500,2470500,4
3652500,2470500,55
3653500,2470500,7
3654500,2470500,16
3655500,2470500,6
3656500,2470500,21.5
3657500,2470500,38
3658500,2470500,24
3659500,2470500,10
3660500,2470500,11
3661500,2470500,3
3662500,2470500,50.5
3663500,2470500,133
3664500,2470500,93
3644500,2471500,6
3646500,2471500,15
3647500,2471500,31
3648500,2471500,124.5
3649500,2471500,47.5
3650500,2471500,32
3651500,2471500,8
3652500,2471500,58
3653500,2471500,27
3654500,2471500,15
3656500,2471500,51
3657500,2471500,99
3658500,2471500,83
3659500,2471500,23
3660500,2471500,7
3661500,2471500,24
3662500,2471500,8
3663500,2471500,62
3646500,2472500,3
3647500,2472500,16
3648500,2472500,3
3649500,2472500,16
3650500,2472500,4
3651500,2472500,97
3652500,2472500,50
3653500,2472500,213.5
3654500,2472500,14
3655500,2472500,2
3656500,2472500,7
3657500,2472500,14
3658500,2472500,27
3659500,2472500,33.5
3660500,2472500,4
3661500,2472500,13
3662500,2472500,47
3663500,2472500,74
3649500,2473500,12
3651500,2473500,25.5
3652500,2473500,6
3653500,2473500,19
3654500,2473500,11
3655500,2473500,5
3656500,2473500,16
3657500,2473500,19
3658500,2473500,1
3659500,2473500,124
3660500,2473500,54
3651500,2474500,13
3652500,2474500,4
3654500,2474500,2
3655500,2474500,12
3657500,2474500,90.5
3654500,2475500,1
